species,total_area,protected_area,coverage_percent,taxon
Amolops formosus,121638.22751334,37350.98570942,30.706617872513583,amphibian
Amolops jaunsari,15073.32175692,3144.53070786,20.8615642827128,amphibian
Amolops mahabharatensis,500,200,40,amphibian
Amolops monticola,21040.42437435,5267.38831916,25.034610640179753,amphibian
Amolops nepalicus,100,0,0,amphibian
Duttaphrynus himalayanus,116655.28862818,34341.10039087,29.438099887889987,amphibian
Duttaphrynus melanostictus,12786.38424905,656.38025361,5.133431319012391,amphibian
Euphlyctis adolfi,108256.18575197,20890.36292141,19.297154039098267,amphibian
Euphlyctis cyanophlyctis,18052.76986364,2369.14458009,13.12344087907354,amphibian
Fejervarya limnocharis,52126.14002204,6143.1013866,11.785068650781684,amphibian
Firouzophrynus stomaticus,57224.24412713,8000.675187,13.981268444936754,amphibian
Hoplobatrachus crassus,35284.30047055,5900.675187,16.723231319053617,amphibian
Hoplobatrachus tigerinus,51083.66391269,8000.675187,15.661905537305254,amphibian
Humerana humeralis,25434.80285924,3495.69580033,13.743750323820882,amphibian
Hylarana chitwanensis,27610.93573228,3695.69580033,13.384898781280183,amphibian
Hylarana leptoglossa,1594.6938352500001,0,0,amphibian
Hylarana tytleri,18119.78464434,3580.67758543,19.76114868753962,amphibian
Ichthyophis sikkimensis,1094.6938352500001,100,9.134974253067073,amphibian
Megophrys monticola,3688.98960015,0,0,amphibian
Megophrys parva,27580.01635674,3700,13.415510535387316,amphibian
Megophrys robusta,3088.98960015,300,9.711913565051566,amphibian
Megophrys zhangi,90305.70602949,29270.18017974,32.41232638188068,amphibian
Microhyla nilphamariensis,98681.34359262,18368.92726001,18.614387067773713,amphibian
Microhyla taraiensis,100,0,0,amphibian
Minervarya nepalensis,35195.11268696,3695.69580033,10.500593742094418,amphibian
Minervarya pierrei,53159.52061194,8000.675187,15.05031477880369,amphibian
Minervarya syhadrensis,31184.30047055,4700.675187,15.073851637105822,amphibian
Minervarya teraiensis,43496.70295639,8000.675187,18.393750889628382,amphibian
Nanorana annandalii,11740.36830765,2262.02608771,19.267079434263305,amphibian
Nanorana blanfordii,97193.94376456,24176.16311535,24.874145629807643,amphibian
Nanorana ercepeae,42696.63119199,6268.2520730100005,14.680905490702836,amphibian
Nanorana gammii,55.02842902,0,0,amphibian
Nanorana liebigii,94904.80115742,32988.84308322,34.75993066831352,amphibian
Nanorana minica,33177.48697533,6215.50437303,18.73410236782461,amphibian
Nanorana parkeri,33515.57369327,16493.49363457,49.211431633294495,amphibian
Nanorana polunini,125945.38137035,37390.44913556,29.687828746662113,amphibian
Nanorana rarica,1000,400,40,amphibian
Nanorana rostandi,84965.36583053,22053.64469561,25.95604041721859,amphibian
Nasutixalus jerdonii,149.72226427,0,0,amphibian
Ombrana sikimensis,51212.05356161,15094.67178854,29.474841836562064,amphibian
Polypedates maculatus,38286.07436538,7513.45948168,19.624523031470705,amphibian
Polypedates taeniatus,58863.73356223,8100.675187,13.761742072367985,amphibian
Polypedates teraiensis,6482.81897823,0,0,amphibian
Polypedates zed,200,100,50,amphibian
Raorchestes annandalii,18334.61443443,2994.93516847,16.334868557944173,amphibian
Scutiger boulengeri,85331.30178734,30762.33126315,36.050465208904136,amphibian
Scutiger nepalensis,19700,5700,28.934010152284262,amphibian
Scutiger nyingchiensis,48596.19140327,12415.50437303,25.54830741775902,amphibian
Scutiger sikimmensis,101307.56212061,26663.03863138,26.318902630029505,amphibian
Sphaerotheca breviceps,10583.66391269,1300.675187,12.289460414936904,amphibian
Sphaerotheca maskeyi,21543.06424886,3196.38015149,14.83716575583784,amphibian
Tylototriton himalayanus,821.32867599,0,0,amphibian
Uperodon globulosus,12764.64939199,3319.99760157,26.00931290485225,amphibian
Uperodon systoma,38684.30047055,7700.675187,19.906461001828,amphibian
Uperodon taprobanicus,19857.25543138,3111.97775055,15.671741552119071,amphibian
Zhangixalus smaragdinus,46822.90427583,8867.60181539,18.93859843283463,amphibian
Abroscopus_albogularis,14449.31033419,0,0,aves
Abroscopus_schisticeps,103810.85510202,31708.95168716,30.544928712896223,aves
Abroscopus_superciliaris,10521.32867599,200,1.9009006006665892,aves
Acanthoptila_nipalensis,28339.26733588,4200,14.82042549026111,aves
Accipiter_badius,86249.62461625,11400.675187,13.218231659239057,aves
Accipiter_gentilis,86866.51872131,33224.93563231,38.248264258067124,aves
Accipiter_nisus,113115.41935518,26038.94021079,23.019797264799315,aves
Accipiter_trivirgatus,78944.67288544,12856.75063583,16.285773524563186,aves
Accipiter_virgatus,110859.96225045,30227.07403473,27.26599704809777,aves
Aceros_nipalensis,7501.57719118,2012.78429468,26.83148147894201,aves
Acridotheres_fuscus,59107.42321005,7900.675187,13.36663782300808,aves
Acridotheres_ginginianus,16792.84993582,1106.83086518,6.591084118599035,aves
Acridotheres_tristis,118398.28447086,27452.53282022,23.186596784665888,aves
Acrocephalus_agricola,14427.82208035,1844.00009315,12.780862439809535,aves
Acrocephalus_bistrigiceps,3731.06530174,499.31564884,13.382656385219036,aves
Acrocephalus_concinens,5293.65003688,300,5.667167226959635,aves
Acrocephalus_dumetorum,27807.63703464,5224.01175109,18.786248340995115,aves
Acrocephalus_stentoreus,9599.36373981,696.67152564,7.257476063239471,aves
Actinodura_egertoni,42216.08800339,6194.7593274,14.673930296200238,aves
Actitis_hypoleucos,217.7546254,0,0,aves
Aegithalos_iouschistos,14937.12365008,8405.3548624,56.271575835518924,aves
Aegithalos_iredalei,87626.3915648,19608.61091559,22.377517281525133,aves
Aegithalos_niveogularis,47254.99339343,14325.56578651,30.315454003431785,aves
Aegithina_tiphia,57274.47650126,8700.675187,15.191191117754856,aves
Aegypius_monachus,144483.34608695,41225.61081931,28.53312297633282,aves
Aerodramus_brevirostris,113780.80547206,34405.3021164,30.23823040596119,aves
Aethopyga_gouldiae,79834.17964547,32924.93563231,41.241653360157315,aves
Aethopyga_ignicauda,82602.46446203,23072.58940916,27.93208357574587,aves
Aethopyga_nipalensis,70358.43132096,12544.31775041,17.82916064911329,aves
Aethopyga_saturata,50225.1974107,4300,8.561439718868932,aves
Aethopyga_siparaja,133451.44319324,37668.51759345,28.226384587617638,aves
Agraphospiza_rubescens,33336.32607114,17068.25463226,51.20016703651206,aves
Alauda_gulgula,140758.60581679,40830.75770468,29.00764572634721,aves
Alaudala_raytal,20439.51341861,1740.29370131,8.51435973874739,aves
Alcedo_atthis,134739.21538392,38109.41727824,28.283834939703855,aves
Alcedo_hercules,5829.0941218,399.31564884,6.850389451537849,aves
Alcedo_meninting,28289.28214315,3780.67758543,13.364346137519284,aves
Alcippe_nipalensis,68870.15326586,9357.5738004,13.587270184047481,aves
Alcurus_striatus,20239.67926596,2000,9.881579513780585,aves
Alectoris_chukar,88318.45794182,32912.15133763,37.265314753696174,aves
Alexandrinus_krameri,37078.9943058,7700.675187,20.768295718838953,aves
Alophoixus_flaveolus,10878.91748459,2695.68479898,24.778980103474822,aves
Amandava_amandava,34384.30047055,7300.675187,21.232583147221494,aves
Amaurornis_phoenicurus,59980.70683219,8500.675187,14.172349136835983,aves
Anas_acuta,98269.94839171,16268.54245895,16.554951666508053,aves
Anas_crecca,143873.23008141,40714.05085501,28.298558968872904,aves
Anas_platyrhynchos,60108.55859842,16501.35953816,27.452595641835522,aves
Anas_poecilorhyncha,12317.53120009,3401.35953816,27.613971362501175,aves
Anastomus_oscitans,33483.66391269,6100.675187,18.219855517925865,aves
Anhinga_melanogaster,37884.30047055,8000.675187,21.11870903679338,aves
Anser_anser,110566.03163479,22264.62570203,20.136949271700512,aves
Anser_indicus,5996.04708337,99.31564884,1.6563520509278744,aves
Anthipes_monileger,40621.32867599,4900,12.062628573979259,aves
Anthracoceros_albirostris,46784.30047055,7600.675187,16.246208900322255,aves
Anthropoides_virgo,144483.34608695,41225.61081931,28.53312297633282,aves
Anthus_campestris,40893.91033843,7581.73934767,18.540020469857268,aves
Anthus_godlewskii,52008.87630089,13643.4142255,26.23285715032172,aves
Anthus_hodgsoni,144483.34608695,41225.61081931,28.53312297633282,aves
Anthus_richardi,144383.34608695,41225.61081931,28.55288503598141,aves
Anthus_roseatus,104699.0456164,33324.93563231,31.829263997693978,aves
Anthus_rubescens,110107.96965326,26165.91636528,23.763871450612385,aves
Anthus_rufulus,105991.46486116,19734.32833567,18.618790070993292,aves
Anthus_similis,82049.92456863,11316.17956003,13.791822015100907,aves
Anthus_sylvanus,39020.51984118,6570.40011613,16.83832030652749,aves
Anthus_trivialis,53234.00838741,7800.675187,14.653555919048324,aves
Apus_apus,18970.00248724,4161.7417461000005,21.938540856277477,aves
Apus_nipalensis,101362.27509665,22635.37752126,22.3311656133181,aves
Apus_pacificus,111310.49392186,29861.76115912,26.827444661311958,aves
Aquila_chrysaetos,104175.70905231,34301.59906822,32.92667684267553,aves
Aquila_fasciata,64677.80471608,11346.1133444,17.542514614104032,aves
Aquila_heliaca,144483.34608695,41225.61081931,28.53312297633282,aves
Aquila_nipalensis,85927.86529347,16926.45936071,19.698452071282063,aves
Aquila_rapax,20438.56006292,3719.31325041,18.1975307407181,aves
Arachnothera_longirostra,9423.98122261,100,1.0611226575884953,aves
Arachnothera_magna,37233.56058922,4095.69580033,11.000011106957635,aves
Arborophila_mandellii,149.72226427,0,0,aves
Arborophila_rufogularis,111524.07171438,31119.46545578,27.90381034103459,aves
Arborophila_torqueola,107811.53197129,34185.89073402,31.70893698377613,aves
Ardea_alba,144483.34608695,41225.61081931,28.53312297633282,aves
Ardea_cinerea,44179.04409107,6000.675187,13.582627941497107,aves
Ardea_intermedia,6917.66144942,1254.5618426,18.135635167650285,aves
Ardea_purpurea,26803.57671277,5220.58798708,19.477206505028715,aves
Ardeola_grayii,63879.78266601,8400.675187,13.150757307554121,aves
Arenaria_interpres,144483.34608695,41225.61081931,28.53312297633282,aves
Argya_earlei,23187.93132041,5104.30603686,22.012770205021237,aves
Argya_longirostris,200,200,100,aves
Argya_malcolmi,5251.15201605,1719.99760157,32.754671666576684,aves
Argya_striata,54834.40348825,8400.675187,15.320081285830183,aves
Artamus_fuscus,52849.16644148,8000.675187,15.138697023460464,aves
Arundinax_aedon,48153.84981886,7075.53070006,14.693592987219038,aves
Asio_flammeus,83130.65392681,12468.92726001,14.999193042542297,aves
Asio_otus,94559.59150062,33624.93563231,35.55951871057896,aves
Athene_brama,66557.80808555,10100.675187,15.175793009915697,aves
Athene_noctua,82027.61392271,33024.93563231,40.260753730356626,aves
Aviceda_leuphotes,57268.12903752,8140.96645903,14.215527197852639,aves
Aythya_baeri,17390.08250794,1570.29063715,9.029805559766801,aves
Aythya_ferina,115248.20046825,26862.74808045,23.30860522880831,aves
Aythya_fuligula,123618.29240659,26669.96041957,21.57444493073118,aves
Aythya_nyroca,144483.34608695,41225.61081931,28.53312297633282,aves
Blythipicus_pyrrhotis,10616.45175892,2222.50036374,20.934493126412438,aves
Botaurus_stellaris,77234.40348825,9400.675187,12.17161622596097,aves
Brachypteryx_cruralis,47985.67036298,16168.48529356,33.69440329009901,aves
Brachypteryx_hyperythra,55.02842902,0,0,aves
Brachypteryx_leucophris,16388.98960015,2500,15.254143549991142,aves
Bubo_bengalensis,90009.49788125,11700.675187,12.99937835720044,aves
Bubo_coromandus,17912.08638975,5001.35953816,27.921702862163365,aves
Bubo_nipalensis,110849.26634309,30644.66008449,27.64534317226926,aves
Bubulcus_ibis,65024.24412713,8100.675187,12.457930569961311,aves
Bucephala_clangula,3294.21376737,1740.26877207,52.828046233908424,aves
Buceros_bicornis,10551.68738363,499.31564884,4.732092893641292,aves
Burhinus_indicus,20934.95128062,4603.17794917,21.988004115544683,aves
Butastur_teesa,28549.30884809,5300.675187,18.566737342766267,aves
Buteo_hemilasius,115499.0456164,35824.93563231,31.01751658736055,aves
Buteo_refectus,136557.72271687,39994.80271941,29.28783661860901,aves
Buteo_rufinus,137552.44865987,38367.74944742,27.893178072237063,aves
Butorides_striata,40952.37879951,5903.17794917,14.414737610408684,aves
Cacomantis_passerinus,87202.08111976,10900.675187,12.500475960005394,aves
Cacomantis_sonneratii,82802.08111976,11000.675187,13.285505675985704,aves
Calandrella_acutirostris,144483.34608695,41225.61081931,28.53312297633282,aves
Calidris_alba,144483.34608695,41225.61081931,28.53312297633282,aves
Calidris_alpina,144483.34608695,41225.61081931,28.53312297633282,aves
Calidris_canutus,144483.34608695,41225.61081931,28.53312297633282,aves
Calidris_falcinellus,144483.34608695,41225.61081931,28.53312297633282,aves
Calidris_ferruginea,144483.34608695,41225.61081931,28.53312297633282,aves
Calidris_ruficollis,144483.34608695,41225.61081931,28.53312297633282,aves
Calidris_temminckii,6923.4626575,1955.04897208,28.23802291996402,aves
Calidris_tenuirostris,144483.34608695,41225.61081931,28.53312297633282,aves
Callacanthis_burtoni,61991.97544483,9268.25207301,14.950728713683786,aves
Calliope_calliope,144483.34608695,41225.61081931,28.53312297633282,aves
Calliope_pectoralis,139741.96880786,40405.61321774,28.91444393008103,aves
Calliope_tschebaiewi,9887.924138549999,4649.9668455,47.026724521188406,aves
Caprimulgus_affinis,77534.4201956,9300.675187,11.995543609582322,aves
Caprimulgus_asiaticus,76820.16094797,9100.675187,11.846727570857153,aves
Caprimulgus_jotaka,87903.41282819,11400.675187,12.969547848253606,aves
Caprimulgus_macrurus,31084.30047055,6000.675187,19.304520597737696,aves
Carduelis_caniceps,108998.94114304,33275.15994336,30.527966230142358,aves
Carpodacus_edwardsii,29632.6037969,15401.8727924,51.97610340948594,aves
Carpodacus_erythrinus,144483.34608695,41225.61081931,28.53312297633282,aves
Carpodacus_pulcherrimus,49783.59060675,26459.60034771,53.14924059359115,aves
Carpodacus_puniceus,45715.92968259,25759.60034771,56.347099417120745,aves
Carpodacus_rodochroa,80481.26693388,28071.35451053,34.87936457758827,aves
Carpodacus_rodopeplus,96988.33470145,24490.14061767,25.250604305204003,aves
Carpodacus_rubicilla,49881.26496719,25924.93563231,51.97329227589244,aves
Carpodacus_rubicilloides,31716.0417199,20051.80190674,63.22290178524592,aves
Carpodacus_sipahi,40594.68138476,9514.66502802,23.43820595077261,aves
Carpodacus_subhimachalus,38319.9358684,19497.24793058,50.88016847819971,aves
Carpodacus_thura,56783.18083941,28357.68224574,49.94028482824712,aves
Carpodacus_vinaceus,64266.72703486,11727.05263443,18.247471398487324,aves
Catreus_wallichii,65845.60197936,15025.78417371,22.81972329514125,aves
Cecropis_daurica,53212.74418648,7900.675187,14.8473364938908,aves
Centropus_bengalensis,82903.41282819,9900.675187,11.942421728184188,aves
Centropus_sinensis,100451.4637017,16150.05776894,16.077473810535107,aves
Cephalopyrus_flammiceps,50744.54569929,13308.18314336,26.225839565544092,aves
Certhia_discolor,67869.52352764,15605.69783756,22.9936752557347,aves
Certhia_himalayana,37253.78913396,6295.54460307,16.899071878116892,aves
Certhia_hodgsoni,48239.51395104,18193.74785681,37.7154460454877,aves
Certhia_nipalensis,40558.6605136,12573.60693541,31.001040902704016,aves
Ceryle_rudis,80768.77226616,9500.675187,11.762807481698637,aves
Cettia_brunnifrons,130675.26165633,38204.64748749,29.236327521552234,aves
Cettia_castaneocoronata,118922.96522343,37044.2837676,31.149815090804342,aves
Cettia_major,131797.60140948,38300.13704704,29.05981340892986,aves
Chalcoparia_singalensis,1874.80366356,100,5.333891859914198,aves
Chalcophaps_indica,44689.45229202,6383.71804978,14.284619126826739,aves
Charadrius_alexandrinus,93472.48123589,13371.07530313,14.30482546984748,aves
Charadrius_atrifrons,144483.34608695,41225.61081931,28.53312297633282,aves
Charadrius_dubius,22905.68311844,2605.82207237,11.376312415115043,aves
Charadrius_placidus,22089.28214315,3580.67758543,16.210022409172705,aves
Chelidorhynx_hypoxanthus,144065.43657291,41225.61081931,28.615892749852012,aves
Chlidonias_hybrida,1775.59946219,0,0,aves
Chloris_spinoides,111137.3351328,31041.56607163,27.93081733922977,aves
Chloropsis_aurifrons,95582.71928797,15551.07770156,16.26975861055802,aves
Chloropsis_hardwickii,63717.78064921,8200,12.869249236950106,aves
Chrysococcyx_maculatus,57585.05427756,8255.23460032,14.335724267150576,aves
Chrysocolaptes_festivus,27212.88818662,4519.31325041,16.607253222875663,aves
Chrysocolaptes_guttacristatus,55527.83776549,8000.675187,14.408403980700902,aves
Chrysominla_strigula,56222.00175382,16461.93791675,29.280241548196912,aves
Chrysomma_altirostre,5012.66210171,1912.6621017100001,38.1566134501171,aves
Chrysomma_sinense,46879.97936966,8000.675187,17.066294172001946,aves
Chrysophlegma_flavinucha,88087.21664733,20903.20715507,23.73012560807663,aves
Ciconia_ciconia,16746.26661868,2712.66210171,16.1986081045915,aves
Ciconia_episcopus,73178.18547099,10871.07530313,14.855622933476006,aves
Ciconia_nigra,46453.25101168,5578.03346223,12.007843026589214,aves
Cinclidium_frontale,130.10611467,0,0,aves
Cinclus_cinclus,93570.92150246,33524.93563231,35.828369640913095,aves
Cinclus_pallasii,104240.16874239,33924.93563231,32.544973824964835,aves
Cinnyris_asiaticus,65349.16644148,8600.675187,13.161109246438334,aves
Circaetus_gallicus,45663.63568815,6819.31325041,14.933793920792983,aves
Circus_aeruginosus,110186.14181061,20262.4169331,18.38926075470309,aves
Circus_cyaneus,129853.62617722,33390.6365183,25.71405782132688,aves
Circus_macrourus,4436.18597056,2907.36904659,65.5375826415814,aves
Circus_melanoleucos,140348.43297336,41079.37344624,29.269563311788037,aves
Circus_pygargus,15898.15683204,3480.67758543,21.893591956617843,aves
Cissa_chinensis,65985.64792116,9267.86727195,14.045277365501203,aves
Cisticola_exilis,49308.4663178,6975.53070006,14.146720068520736,aves
Cisticola_juncidis,51380.70683219,8000.675187,15.571360692117958,aves
Clamator_coromandus,87873.46081375,12775.53070006,14.538554168405929,aves
Clamator_jacobinus,39978.9943058,6500.675187,16.26022690134781,aves
Clanga_clanga,17934.63548096,6416.55602496,35.77745436628487,aves
Clanga_hastata,67252.10385045,11100.675187,16.506063827660796,aves
Cochoa_purpurea,23258.68985179,4069.70025164,17.49754727189328,aves
Cochoa_viridis,25088.7928965,2200,8.76885551678698,aves
Columba_hodgsonii,91315.29684822,28191.76258831,30.872990135671383,aves
Columba_leuconota,81178.35349827,33124.93563231,40.805133640725956,aves
Columba_livia,87903.41282819,11900.675187,13.538353977518764,aves
Columba_palumbus,73522.11060301,8801.35953816,11.971037645646248,aves
Columba_pulchricollis,48683.09882363,13957.67398388,28.670471521227746,aves
Columba_rupestris,29238.60343839,20993.49363457,71.80060319504094,aves
Copsychus_fulicatus,39721.84447573,6100.675187,15.358489182765682,aves
Copsychus_malabaricus,37484.30047055,7700.675187,20.543734551082608,aves
Copsychus_saularis,50457.80808555,8000.675187,15.856168729000371,aves
Coracias_affinis,14064.51024081,499.31564884,3.55018155833945,aves
Coracias_benghalensis,62477.14809968,8300.675187,13.285938042108738,aves
Coracina_javensis,83718.95124466,11100.675187,13.259453232469937,aves
Coracina_macei,63.01244743,0,0,aves
Corvus_corax,57244.87356915,27655.23538067,48.31041393997202,aves
Corvus_macrorhynchos,144483.34608695,41225.61081931,28.53312297633282,aves
Corvus_splendens,62371.66278727,11771.46415359,18.87309657550535,aves
Coturnix_coromandelica,14410.72887416,1161.88609899,8.062646304264232,aves
Coturnix_coturnix,89014.5381952,14246.44111604,16.00462284576366,aves
Cuculus_canorus,144483.34608695,41225.61081931,28.53312297633282,aves
Cuculus_micropterus,75355.73216424,8700.675187,11.546135824195334,aves
Cuculus_optatus,144483.34608695,41225.61081931,28.53312297633282,aves
Cuculus_poliocephalus,114155.28030771,29405.35456288,25.759084015751807,aves
Cuculus_saturatus,128876.4873933,34487.419464,26.760055431021097,aves
Culicicapa_ceylonensis,122204.39075649,27074.59265081,22.15517174400064,aves
Curruca_curruca,163.56630014,0,0,aves
Cursorius_coromandelicus,5994.06665015,1142.6498145,19.063014831031374,aves
Cutia_nipalensis,100176.30287965,28930.13005752,28.879215169555753,aves
Cyanoderma_chrysaeum,14594.2957649,4700,32.204363099888184,aves
Cyanoderma_pyrrhops,87716.79795774,16199.01730853,18.467406113404103,aves
Cyanoderma_ruficeps,12743.82502178,3770.78896659,29.58914580312806,aves
Cyornis_magnirostris,7288.98960015,800,10.975458107163945,aves
Cyornis_poliogenys,25595.78171347,2011.97775055,7.860583329991361,aves
Cyornis_rubeculoides,84662.4018538,11300.675187,13.34792651703252,aves
Cyornis_tickelliae,41749.30884809,8000.675187,19.163611105782476,aves
Cyornis_unicolor,25149.31033419,1300,5.169127831838296,aves
Cypsiurus_balasiensis,22278.9943058,3100.675187,13.917482739302939,aves
Delichon_dasypus,144483.34608695,41225.61081931,28.53312297633282,aves
Delichon_nipalense,40703.29694391,7977.87210416,19.600063638957,aves
Dendrocitta_formosae,44319.11235764,6500,14.666358720245196,aves
Dendrocitta_vagabunda,36684.30047055,5600.675187,15.267226347947396,aves
Dendrocopos_darjellensis,31849.90508867,15374.20557185,48.270804980574596,aves
Dendrocopos_himalayensis,19757.58900629,3668.25207301,18.56629405461456,aves
Dendrocopos_hyperythrus,78643.86912166,17789.01667499,22.61971196695684,aves
Dendrocopos_macei,101345.39124238,17100.675187,16.87365846375947,aves
Dendrocygna_bicolor,4914.02292791,99.31564884,2.021066045010097,aves
Dendrocygna_javanica,3941.55645926,1881.36193659,47.73144710816124,aves
Dicaeum_agile,57469.36531474,9300.675187,16.18370959216862,aves
Dicaeum_chrysorrheum,35969.92340543,5481.13050893,15.238093356914327,aves
Dicaeum_cruentatum,12182.81897823,400,3.283312349258223,aves
Dicaeum_erythrorhynchos,85668.77226616,11300.675187,13.191125410190894,aves
Dicaeum_ignipectus,115640.78330116,35231.21511454,30.46608135020008,aves
Dicaeum_melanozanthum,45728.59062384,14711.20885077,32.17070250816019,aves
Dicaeum_minullum,58624.32155169,11421.42122907,19.482393871286934,aves
Dicrurus_aeneus,105955.38369739,21896.74097856,20.666001305886812,aves
Dicrurus_annectens,77523.3930884,9100.675187,11.739263239706874,aves
Dicrurus_caerulescens,19289.54385945,4700.675187,24.3690323693016,aves
Dicrurus_hottentottus,100690.21013769,17948.92965844,17.825893534133584,aves
Dicrurus_leucophaeus,118058.33112364,24173.80891257,20.476156729043776,aves
Dicrurus_macrocercus,123172.8147971,34141.68498299,27.718522986773408,aves
Dicrurus_paradiseus,57318.44842158,8000.675187,13.9582898827872,aves
Dicrurus_remifer,92488.50076914,14001.35953816,15.138486862392453,aves
Dinopium_benghalense,24939.05936391,5400.675187,21.655488718293306,aves
Dinopium_shorii,18741.48404392,3652.19413597,19.487219514800497,aves
Dryobates_cathpharius,8652.88845301,4752.88845301,54.92834535913447,aves
Ducula_aenea,55.02842902,0,0,aves
Ducula_badia,14894.69383525,300,2.0141400912183616,aves
Dumetia_hyperythra,8050.24689908,783.40425207,9.731431369633261,aves
Egretta_garzetta,144483.34608695,41225.61081931,28.53312297633282,aves
Elachura_formosa,400,200,50,aves
Elanus_caeruleus,73973.06492052,9300.675187,12.573056418566766,aves
Emberiza_aureola,42533.12172395,7400.675187,17.399793118953575,aves
Emberiza_cia,81725.74230677,23073.01670146,28.23225100220188,aves
Emberiza_fucata,51652.50778039,9868.92726001,19.106385505945873,aves
Emberiza_lathami,82322.02669643,16204.24604722,19.683973655039665,aves
Emberiza_leucocephalos,41498.65927646,22916.91929758,55.22327635914628,aves
Emberiza_pusilla,55238.36679057,12614.49895162,22.836480664691702,aves
Emberiza_spodocephala,6710.5810704,499.31564884,7.440721505361936,aves
Emberiza_stewarti,148.48105103,148.48105103,100,aves
Enicurus_immaculatus,57239.09261785,5200,9.08470026720581,aves
Enicurus_maculatus,62490.26246459,9939.50618168,15.905688005890847,aves
Enicurus_schistaceus,69868.54232993,9342.15447324,13.371045339868276,aves
Enicurus_scouleri,97219.40191659,23909.45543505,24.59329615662856,aves
Ephippiorhynchus_asiaticus,27890.47109247,7300.675187,26.17623475342111,aves
Eremophila_alpestris,26094.08661895,20263.19388621,77.6543520457792,aves
Eremopterix_griseus,38263.1142503,7100.675187,18.55749414579951,aves
Erpornis_zantholeuca,87498.06083582,15534.23625044,17.75380631530589,aves
Erythrogenys_erythrogenys,77300.32529351,20021.98307357,25.901550863526587,aves
Esacus_recurvirostris,20584.30047055,5200.675187,25.265251031681238,aves
Eudynamys_scolopaceus,113874.23838528,23781.80569593,20.884272011960316,aves
Eumyias_thalassinus,115352.82092798,22207.06927734,19.251431476656197,aves
Euodice_malabarica,32284.30047055,6400.675187,19.82596833045445,aves
Eurystomus_orientalis,49776.88591743,7476.21505122,15.019451123602952,aves
Falco_amurensis,138416.09237752,36464.91307035,26.34441736073184,aves
Falco_cherrug,110862.97758458,35813.15661093,32.303982259187734,aves
Falco_chicquera,59359.52061194,8200.675187,13.815265188227377,aves
Falco_columbarius,38317.94026833,23563.19388621,61.493894821077106,aves
Falco_jugger,28457.02779207,5006.50642353,17.59321619991931,aves
Falco_naumanni,51815.47988616,8405.82207237,16.22260778214892,aves
Falco_peregrinus,53482.99007525,21051.9911506,39.36203103263312,aves
Falco_severus,93519.84319757,21272.7916601,22.746821351228213,aves
Falco_subbuteo,86731.33736198,16813.55671277,19.385792061060137,aves
Falco_tinnunculus,144483.34608695,41225.61081931,28.53312297633282,aves
Ficedula_albicilla,144483.34608695,41225.61081931,28.53312297633282,aves
Ficedula_erithacus,41297.06487087,18066.33386637,43.74725884965635,aves
Ficedula_hodgsoni,40182.80847214,19860.12053432,49.424421262365584,aves
Ficedula_hyperythra,119066.23608484,25328.39491248,21.272525062799826,aves
Ficedula_parva,26563.84122057,5219.72536402,19.649738607750933,aves
Ficedula_ruficauda,134063.14247168,36109.90255199,26.934996365326874,aves
Ficedula_sapphira,12788.98960015,1500,11.728839000560347,aves
Ficedula_strophiata,74164.79379435,20967.93130641,28.272081986166558,aves
Ficedula_subrubra,2312.66210171,2312.66210171,100,aves
Ficedula_superciliaris,144483.34608695,41225.61081931,28.53312297633282,aves
Ficedula_tricolor,82610.03991283,20963.8670907,25.376899845129046,aves
Ficedula_westermanni,112401.15550039,26130.94825925,23.247935613223596,aves
Francolinus_francolinus,104575.62549779,19968.92726001,19.095202314072704,aves
Fringilla_coelebs,118111.42348022,32541.45930307,27.551491925351055,aves
Fringilla_montifringilla,128907.14479066,37371.27794925,28.990850747597772,aves
Fulica_atra,144483.34608695,41225.61081931,28.53312297633282,aves
Fulvetta_vinipectus,47018.56495583,15725.18896928,33.44463827012266,aves
Galerida_cristata,11801.30967396,1569.91466639,13.302885101422865,aves
Gallicrex_cinerea,100770.33319277,15068.92726001,14.95373368586932,aves
Gallinago_gallinago,51205.62914654,8100.675187,15.819891918166908,aves
Gallinago_nemoricola,124749.29185731,37370.73734494,29.956672930604828,aves
Gallinago_solitaria,78656.85772702,14439.07707781,18.357047935885095,aves
Gallinago_stenura,10855.97747243,1780.67758543,16.40273839875069,aves
Gallinula_chloropus,144483.34608695,41225.61081931,28.53312297633282,aves
Gallus_gallus,112392.18277012,23490.77683736,20.900721258707627,aves
Gampsorhynchus_rufulus,4849.31033419,0,0,aves
Garrulax_leucolophus,72738.19400635,10539.78780786,14.490032302616537,aves
Garrulax_monileger,39390.60218437,5641.29185018,14.321415610189472,aves
Garrulus_bispecularis,99531.33294618,26237.45322048,26.36099853567468,aves
Garrulus_lanceolatus,76673.18678022,19744.39573116,25.751369625155085,aves
Gecinulus_grantia,3421.32867599,0,0,aves
Geokichla_citrina,123964.77184653,34869.96911699,28.128934210567078,aves
Geokichla_wardii,59612.38353954,11182.95593262,18.759451088216448,aves
Glareola_lactea,31673.4768506,5800.675187,18.31398306652942,aves
Glareola_maldivarum,56949.18699153,10884.61517451,19.112854369859324,aves
Glaucidium_brodiei,51453.96796528,9838.7916296,19.121541095215434,aves
Glaucidium_cuculoides,50263.53534306,6862.7259522,13.653488369571187,aves
Glaucidium_radiatum,54684.44292629,8000.675187,14.630623919465053,aves
Gracula_religiosa,104646.27142143,27268.92981926,26.058195336404246,aves
Gracupica_contra,20685.07260123,5001.35953816,24.1785931071018,aves
Graminicola_bengalensis,28505.50326607,3335.23942803,11.700335184048209,aves
Grammatoptila_striata,88636.16890734,19126.29873641,21.57843572459069,aves
Grandala_coelicolor,78787.06303053,33224.93563231,42.170547237476455,aves
Grus_antigone,39584.20879281,7000.675187,17.685525113417423,aves
Grus_grus,24285.8799959,4758.52071376,19.59377512597174,aves
Grus_nigricollis,921.46512908,309.86204523,33.627104862814434,aves
Gymnoris_xanthocollis,42669.46421342,7700.675187,18.047274154846445,aves
Gypaetus_barbatus,119925.95580954,36951.20926759,30.811686276050146,aves
Gyps_bengalensis,111270.33319277,21368.92726001,19.20451448904126,aves
Gyps_fulvus,31885.77560509,5900.675187,18.505666163121532,aves
Gyps_himalayensis,144483.34608695,41225.61081931,28.53312297633282,aves
Gyps_indicus,18405.35237465,4378.71781339,23.790459015720238,aves
Gyps_tenuirostris,66649.16644148,8600.675187,12.904400229148635,aves
Halcyon_coromanda,6641.61444662,1129.90448514,17.012497401366353,aves
Halcyon_pileata,14778.18391666,2123.10378503,14.366472883292143,aves
Halcyon_smyrnensis,108056.23622896,20949.53799118,19.387625112899634,aves
Haliaeetus_albicilla,25025.52848116,5213.45948168,20.832564977018787,aves
Haliaeetus_leucoryphus,144483.34608695,41225.61081931,28.53312297633282,aves
Haliastur_indus,22497.59795785,3300.675187,14.671233760972724,aves
Harpactes_erythrocephalus,60213.65740402,7781.13050893,12.92253426281745,aves
Helopsaltes_certhiola,35970.37929783,3980.67758543,11.066543259025751,aves
Hemiprocne_coronata,100278.14679716,17576.7408644,17.52798732903767,aves
Hemipus_picatus,84828.03607125,11400.675187,13.439749067659871,aves
Hemitesia_pallidipes,105352.82488475,20795.29334599,19.73871452306938,aves
Hemixos_flavala,63638.41438245,7660.3129992,12.037246800593664,aves
Heterophasia_capistrata,91883.0038965,19773.13372557,21.519903450090833,aves
Heterophasia_picaoides,39177.57159458,5581.36193659,14.246319282745311,aves
Heteroxenicus_stellatus,27255.63237043,12322.2970524,45.21009413734471,aves
Hieraaetus_pennatus,53406.65166819,10383.23510086,19.441838753288568,aves
Hierococcyx_nisicolor,3388.7928965,0,0,aves
Hierococcyx_sparverioides,126237.57968414,36942.10078695,29.263948880660664,aves
Hierococcyx_varius,27631.53445027,4274.40155172,15.469287669900766,aves
Himalayapsitta_cyanocephala,69434.40348825,8600.675187,12.386763268522133,aves
Himalayapsitta_himalayana,59520.51984118,6970.40011613,11.710919418595944,aves
Himalayapsitta_roseata,19171.30098496,3281.36193659,17.116010745250144,aves
Himantopus_himantopus,144483.34608695,41225.61081931,28.53312297633282,aves
Hirundapus_caudacutus,123795.97454623,37621.3157838,30.389773109909,aves
Hirundapus_cochinchinensis,65200.83431157,11426.44351447,17.52499586104584,aves
Hirundo_rustica,144483.34608695,41225.61081931,28.53312297633282,aves
Hirundo_smithii,108693.00744647,29030.07477406,26.70831864538937,aves
Horornis_brunnescens,64427.59003091,20967.43141949,32.54418085393322,aves
Horornis_flavolivaceus,128365.38906968,39113.96938126,30.47080655053205,aves
Horornis_fortipes,52054.40087879,9044.53070786,17.375150909757696,aves
Houbaropsis_bengalensis,21411.2678845,3927.64260095,18.34381140872695,aves
Hydrophasianus_chirurgus,134271.68804823,35264.60904147,26.26362232729439,aves
Hydroprogne_caspia,2676.2541482,99.31564884,3.7109946716681557,aves
Hydrornis_nipalensis,10758.68985179,1369.70025164,12.731106394075605,aves
Hypothymis_azurea,59272.65351284,7300.675187,12.317105367011255,aves
Hypsipetes_leucocephalus,124989.28251496,37367.83031363,29.89682760132449,aves
Ianthocincla_ocellata,95807.70675011,25861.53392798,26.993166630564726,aves
Ianthocincla_rufogularis,68676.6653696,8451.53062506,12.30626236666567,aves
Ibidorhyncha_struthersii,104881.01521706,34801.59906822,33.18198150179533,aves
Icthyophaga_humilis,55335.26798819,8100.675187,14.639262592401103,aves
Icthyophaga_ichthyaetus,35827.83776549,6300.675187,17.585976659381103,aves
Ictinaetus_malaiensis,41789.541612170004,5006.50642353,11.980285569995337,aves
Indicator_xanthonotus,18257.38111362,6568.39151347,35.97663581974516,aves
Irena_puella,7172.83258493,100,1.39414936590181,aves
Ithaginis_cruentus,30729.22900381,19993.8554909,65.06461808209063,aves
Ixobrychus_cinnamomeus,33443.69122674,4505.82207237,13.47286111996919,aves
Ixobrychus_flavicollis,15865.32796148,2505.82207237,15.794328856321002,aves
Ixobrychus_minutus,5688.82449895,1325.78417371,23.305063707883818,aves
Ixobrychus_sinensis,14676.07851965,2540.3863134,17.30970783509125,aves
Ixos_mcclellandii,66667.57383773,8957.7036668,13.436372663872847,aves
Jynx_torquilla,97559.25153046,14716.17956003,15.084350616850836,aves
Ketupa_flavipes,12750.51545819,4119.99760157,32.31240035024321,aves
Ketupa_zeylonensis,98103.41282819,15000.675187,15.290676190104529,aves
Lalage_melanoptera,52122.53160074,8000.675187,15.3497440383084,aves
Lalage_melaschistos,75030.80984989,8500.675187,11.329579414119122,aves
Lanius_cristatus,72273.06492052,9100.675187,12.592070361217113,aves
Lanius_excubitor,5314.10833284,2281.36193659,42.930286582448716,aves
Lanius_isabellinus,1768.87905958,501.27473667,28.338553388100024,aves
Lanius_schach,116814.67057978,27984.8724741,23.956642034090564,aves
Lanius_tephronotus,126012.34251669,29583.55069269,23.47670879046768,aves
Lanius_vittatus,11653.01156344,3501.35953816,30.046821107988233,aves
Larus_brunnicephalus,35859.15598361,6275.53070006,17.500497510115217,aves
Larus_fuscus,8884.34092502,1619.99760157,18.234302524431243,aves
Larus_ichthyaetus,12604.83400166,499.31564884,3.961302852336194,aves
Larus_ridibundus,134003.33243075,37673.53432507,28.11387869368015,aves
Larvivora_brunnea,128923.8622573,33294.06415162,25.82459411987931,aves
Laticilla_burnesii,299.31564884,199.31564884,66.59045379433026,aves
Leiopicus_auriceps,38600.65906388,7984.7659977,20.68556908441915,aves
Leiopicus_mahrattensis,34449.30884809,6700.675187,19.450826187973032,aves
Leioptila_annectens,7258.68985179,1669.70025164,23.002777164094567,aves
Leiothrix_argentauris,87048.63027851,20948.52015816,24.065307048641333,aves
Leiothrix_lutea,62192.50535889,13999.92212038,22.510625741142952,aves
Leptopoecile_sophiae,51181.99001899,17377.89385523,33.95314220643296,aves
Leptoptilos_dubius,22953.69195528,2416.95713722,10.529709738759612,aves
Leptoptilos_javanicus,92912.74418648,14500.675187,15.606766664749996,aves
Lerwa_lerwa,40640.03984626,24183.71051138,59.50710334651792,aves
Leucosticte_brandti,27405.01922528,19293.71202177,70.40211088037606,aves
Leucosticte_nemoricola,75560.81448621,32524.93563231,43.04471286270461,aves
Lewinia_striata,2270.49281399,76.66343591,3.3765108366618097,aves
Limosa_lapponica,144483.34608695,41225.61081931,28.53312297633282,aves
Limosa_limosa,139067.17413729,37070.51708113,26.65655451122722,aves
Linaria_flavirostris,41620.35197486,17813.72678154,42.80051930435391,aves
Liocichla_phoenicea,6258.68985179,1569.70025164,25.080332926084555,aves
Lioparus_chrysotis,19949.53612749,6663.15084087,33.400028944474215,aves
Locustella_lanceolata,28266.27548603,3780.67758543,13.37522372658725,aves
Locustella_luteoventris,1394.2957649,400,28.688317792365115,aves
Locustella_tacsanowskia,24335.23956874,2396.95953565,9.849747025827645,aves
Locustella_thoracica,76165.11712426,24567.41333481,32.255465838422275,aves
Lonchura_atricapilla,8556.41323471,2194.85311463,25.651555791232067,aves
Lonchura_punctulata,105113.22487953,21111.81894677,20.084836109791325,aves
Lonchura_striata,59157.11321618,8483.71804978,14.340993987954821,aves
Lophophanes_dichrous,41559.30675253,15475.28176869,37.23662153663791,aves
Lophophorus_impejanus,81157.2165355,33224.93563231,40.93897875092434,aves
Lophotriorchis_kienerii,78156.84073711,11501.35953816,14.715742639657375,aves
Lophura_leucomelanos,126661.2029678,38218.50925675,30.173808839053876,aves
Loriculus_vernalis,34938.47297176,3381.36193659,9.678047289940464,aves
Loxia_curvirostra,77768.76541611,29708.95168716,38.201650146043995,aves
Luscinia_phaenicuroides,37926.68100346,6927.27405204,18.26490973836607,aves
Luscinia_svecica,144483.34608695,41225.61081931,28.53312297633282,aves
Lymnocryptes_minimus,1440.91404026,148.48105103,10.304643225157825,aves
Machlolophus_spilonotus,3121.32867599,100,3.2037638576553533,aves
Machlolophus_xanthogenys,88958.30831735,18540.52766814,20.841816822773307,aves
Macropygia_unchall,36365.05527755,6676.0656774,18.358464263139663,aves
Malacocincla_abbotti,5578.91347763,2483.71804978,44.51974492415176,aves
Mareca_falcata,160.40751391,84.9817851,52.978681003485164,aves
Mareca_penelope,5204.54076966,1324.46013578,25.44816525409837,aves
Mareca_strepera,144483.34608695,41225.61081931,28.53312297633282,aves
Megaceryle_lugubris,96601.58409432,20099.39787886,20.8064889072992,aves
Megalurus_palustris,81307.37342478,10000.675187,12.299837967649932,aves
Melanochlora_sultanea,24896.53308662,6907.54348647,27.745001532692445,aves
Mergus_merganser,144483.34608695,41225.61081931,28.53312297633282,aves
Merops_leschenaulti,44672.67662852,7901.35953816,17.687231064895723,aves
Merops_orientalis,30883.66391269,5800.675187,18.78234138086356,aves
Merops_philippinus,48523.75458633,8000.675187,16.488161839920632,aves
Metopidius_indicus,966.12461281,348.48105103,36.06998997949481,aves
Microcarbo_niger,5966.92484382,1419.99760157,23.7978127551029,aves
Microhierax_caerulescens,41670.5873983,6205.2632526,14.891230577789145,aves
Micropternus_brachyurus,106095.63151866,21094.2255859,19.882275343438593,aves
Milvus_migrans,44625.89247877,5203.3193102,11.659866102790861,aves
Minla_ignotincta,42734.75552919,10845.76592904,25.379262838257713,aves
Mirafra_assamica,62516.82736564,8400.675187,13.437462425703826,aves
Mirafra_erythroptera,66.41129391,0,0,aves
Mirafra_javanica,63.01244743,0,0,aves
Mixornis_gularis,45937.26097382,7835.2394280300005,17.05639226617226,aves
Monticola_cinclorhyncha,120634.05619564,27688.304545,22.952311659069224,aves
Monticola_rufiventris,71670.11615766,24071.96910976,33.587177474090396,aves
Monticola_solitarius,144483.34608695,41225.61081931,28.53312297633282,aves
Montifringilla_adamsi,378.2307297,378.2307297,100.00000000000001,aves
Motacilla_alba,144483.34608695,41225.61081931,28.53312297633282,aves
Motacilla_cinerea,105697.65623994,28212.3763589,26.69158178385358,aves
Motacilla_citreola,144483.34608695,41225.61081931,28.53312297633282,aves
Motacilla_maderaspatensis,65484.30047055,8800.675187,13.439366571469897,aves
Mulleripicus_pulverulentus,34594.44938105,7401.35953816,21.394644720705646,aves
Muscicapa_dauurica,102156.07386014,23724.71149943,23.223985224717097,aves
Muscicapa_ferruginea,26193.63493836,6012.55581649,22.95426286057284,aves
Muscicapa_sibirica,141805.58304708,40156.38853446,28.31791786443833,aves
Mycerobas_affinis,108104.78409299,33655.71334746,31.132492081488174,aves
Mycerobas_carnipes,76149.34394695,25074.65314673,32.928258927875255,aves
Mycerobas_icterioides,69850.68378469,19121.89273563,27.375383746524143,aves
Mycerobas_melanozanthos,108625.69090551,32679.51808338,30.084520347775616,aves
Mycteria_leucocephala,23684.30047055,5300.675187,22.380543573963987,aves
Myiomela_leucura,38202.26803272,10021.18891085,26.23192136725211,aves
Myophonus_caeruleus,100749.73528221,33924.93563231,33.67248116065307,aves
Myzornis_pyrrhoura,28685.79008219,12699.40479557,44.27071647384959,aves
Napothera_malacoptila,100,100,100,aves
Neophron_percnopterus,97438.25365566,26565.47034873,27.263902371044665,aves
Netta_rufina,2859.26513705,165.43575897,5.785953769250152,aves
Nettapus_coromandelianus,53083.66391269,8000.675187,15.071821719313135,aves
Niltava_grandis,39683.21993503,11549.884617,29.105210302766896,aves
Niltava_macgrigoriae,108946.68915796,21811.81894677,20.020634968672987,aves
Niltava_sundara,143399.47087598,41225.61081931,28.74878865833769,aves
Ninox_scutulata,48322.11967066,7900.675187,16.350017840374445,aves
Nisaetus_cirrhatus,38346.15365452,4905.82207237,12.793518005923218,aves
Nisaetus_nipalensis,86220.72033957,20358.59397248,23.612182654355138,aves
Nucifraga_hemispila,65103.4621115,30969.74513876,47.570043334591645,aves
Numenius_arquata,143797.56196211,40715.74877408,28.31463080355174,aves
Nycticorax_nycticorax,56922.11967066,8000.675187,14.055476558656471,aves
Nyctyornis_athertoni,51449.16644148,8000.675187,15.550641031473726,aves
Ocyceros_birostris,9796.14326352,3119.99760157,31.849244316266834,aves
Oenanthe_deserti,37986.00745137,20913.72457153,55.056390430881486,aves
Oenanthe_isabellina,9822.80105906,2669.82893125,27.179914519265353,aves
Onychostruthus_taczanowskii,11397.81950823,6359.86221518,55.79893777566619,aves
Ophrysia_superciliosa,2153.50582713,768.25207301,35.67448313032232,aves
Oriolus_chinensis,3243.13971227,0,0,aves
Oriolus_kundoo,95448.50001328,16371.07530313,17.151736591829362,aves
Oriolus_tenuirostris,31649.11363054,2500,7.899115372342087,aves
Oriolus_traillii,100949.97062534,29037.32130006,28.764071074203148,aves
Oriolus_xanthornus,61201.111342,8500.675187,13.889739909291992,aves
Orthotomus_sutorius,69653.71943605,17293.22153953,24.82742009980836,aves
Ortygornis_gularis,29184.30047055,5900.675187,20.21866240362484,aves
Ortygornis_pondicerianus,11289.71216265,3519.99760157,31.178807314638938,aves
Otus_bakkamoena,5358.5193866,154.40395014999999,2.88146667036638,aves
Otus_lettia,72203.8824672,9546.27123685,13.221271364717232,aves
Otus_spilocephalus,101559.29356381,23534.88455087,23.173541017280673,aves
Otus_sunia,81362.4018538,10400.675187,12.783146699244403,aves
Oxyura_leucocephala,3083.82681154,1195.54460307,38.768214823094084,aves
Palaeornis_eupatria,103271.7813714,18470.37543864,17.885210454745938,aves
Pandion_haliaetus,15852.08031518,2074.40155172,13.085989412591777,aves
Paradoxornis_aemodium,45637.89148926,16279.47275181,35.67095722562262,aves
Paradoxornis_unicolor,9232.00510203,3492.32583607,37.82846518685396,aves
Parus_major,104718.13280124,18468.92726001,17.636799631506896,aves
Parus_monticolus,42057.1314028,7446.46579353,17.705596043181973,aves
Passer_cinnamomeus,70646.67262772,19544.20896561,27.664726785648128,aves
Passer_domesticus,144483.34608695,41225.61081931,28.53312297633282,aves
Passer_montanus,101175.56073209,34324.93563231,33.92611356333517,aves
Pavo_cristatus,71173.2900707,9500.675187,13.34865253181707,aves
Pelargopsis_capensis,33583.66391269,6800.675187,20.249950108720217,aves
Pelecanus_crispus,64609.89074524,15222.00811974,23.559872868012008,aves
Pelecanus_philippensis,36444.79104355,6400.675187,17.56266123010957,aves
Pellorneum_ruficeps,66498.45598376,7700,11.57921621801334,aves
Perdix_hodgsoniae,5783.09163514,3686.50614514,63.746286203378745,aves
Pericrocotus_brevirostris,110043.87424065,34433.00128545,31.290248115174517,aves
Pericrocotus_cinnamomeus,75149.62461625,8700.675187,11.57780259240125,aves
Pericrocotus_ethologus,144244.24067052,41225.61081931,28.58042070010738,aves
Pericrocotus_flammeus,115038.11056711,27292.35891647,23.724623763312252,aves
Pericrocotus_roseus,120404.87902179,29930.81225521,24.858471266594886,aves
Pericrocotus_solaris,57561.04271082,15012.40562476,26.080843775156374,aves
Periparus_ater,69636.77469162,9401.24637188,13.500404654742482,aves
Periparus_rubidiventris,47397.03283878,17065.67598118,36.005789727868695,aves
Periparus_rufonuchalis,48197.04312207,7868.2520730100005,16.325175909820565,aves
Pernis_ptilorhynchus,67934.46554488,11173.01956184,16.446761555014653,aves
Petrochelidon_fluvicola,15722.06388616,2880.67758543,18.32251545527579,aves
Phaenicophaeus_tristis,108416.08370804,22590.76261655,20.837095238918597,aves
Phalacrocorax_carbo,104775.98521015,29674.97815353,28.322308870692716,aves
Phoenicurus_coeruleocephala,65129.78769534,18455.12824057,28.335925685645147,aves
Phoenicurus_erythrogastrus,35709.48728154,22883.64665616,64.08282055617664,aves
Phoenicurus_erythronotus,6500,1200,18.46153846153846,aves
Phoenicurus_frontalis,100699.68217426,33224.93563231,32.99408192253727,aves
Phoenicurus_fuliginosus,117012.96279554,36495.98211953,31.189691507342175,aves
Phoenicurus_hodgsoni,74148.81824802,19431.43647495,26.205996176437885,aves
Phoenicurus_leucocephalus,93450.37184007,33424.93563231,35.767579062727634,aves
Phoenicurus_ochruros,144483.34608695,41225.61081931,28.53312297633282,aves
Phoenicurus_schisticeps,16813.25123302,11500.18182585,68.39951218515358,aves
Phylloscopus_affinis,138448.57572295,40056.38853446,28.932322579191425,aves
Phylloscopus_burkii,134759.87514108,36771.64359893,27.28678960293915,aves
Phylloscopus_cantator,19317.79901745,3550.93358418,18.38166750245408,aves
Phylloscopus_castaniceps,121790.35250631,33926.65310959,27.856601456040824,aves
Phylloscopus_chloronotus,90084.0492706,17648.06563844,19.590666473514815,aves
Phylloscopus_fuligiventer,132855.56165097,37141.68498299,27.956439701460422,aves
Phylloscopus_fuscatus,144483.34608695,41225.61081931,28.53312297633282,aves
Phylloscopus_griseolus,141699.03232938,41225.61081931,29.09378429873882,aves
Phylloscopus_humei,109583.21162869,18981.80569593,17.321819112445482,aves
Phylloscopus_inornatus,70191.39169667,24534.90286469,34.95429036471715,aves
Phylloscopus_intermedius,149.72226427,0,0,aves
Phylloscopus_maculipennis,55261.10159394,17684.91936943,32.002473456608314,aves
Phylloscopus_magnirostris,111915.71432075,21114.30838799,18.86625887717294,aves
Phylloscopus_occipitalis,36786.68802701,7200.675187,19.574132854017808,aves
Phylloscopus_poliogenys,37682.53999905,8693.5503989,23.070500022342365,aves
Phylloscopus_pulcher,72514.3438787,26634.94949639,36.73059435102138,aves
Phylloscopus_reguloides,136972.61653308,38609.62687416,28.18784356421742,aves
Phylloscopus_tristis,16287.48150328,951.75982695,5.84350518991124,aves
Phylloscopus_trochiloides,144283.34608695,41125.61081931,28.503366420769254,aves
Phylloscopus_whistleri,134367.43039196,40521.58001061,30.157293246142668,aves
Phylloscopus_xanthoschistos,64262.10214972,7044.32150051,10.96185973514826,aves
Pica_pica,16955.75379903,5482.91444749,32.336600970248014,aves
Picoides_canicapillus,106240.61711229,21776.55114178,20.497387659903637,aves
Picoides_nanus,90202.08111976,11900.675187,13.193348800012327,aves
Picumnus_innominatus,107642.70371911,24944.85354624,23.17375231611866,aves
Picus_chlorolophus,101944.94079329,22737.23006257,22.303441333762155,aves
Picus_guerini,121903.97022366,33537.48144237,27.51139391181273,aves
Picus_squamatus,78945.38359216,20825.56578651,26.37971321299422,aves
Picus_xanthopygaeus,26726.02124642,6400.675187,23.94922584242644,aves
Pitta_brachyura,32259.17054402,5301.35953816,16.433651109925183,aves
Pitta_sordida,91481.32637297,18179.2562492,19.872095180477647,aves
Platalea_leucorodia,63.01244743,0,0,aves
Plegadis_falcinellus,72659.52061194,9300.675187,12.800353083353043,aves
Ploceus_benghalensis,21439.64484697,4004.30603686,18.67710993088543,aves
Ploceus_manyar,29684.30047055,6500.675187,21.89937133081295,aves
Ploceus_megarhynchus,1888.64729882,925.14448694,48.98450269237761,aves
Ploceus_philippinus,65845.08326232,9100.675187,13.821343578143646,aves
Pluvialis_fulva,895.32415742,0,0,aves
Pluvialis_squatarola,144483.34608695,41225.61081931,28.53312297633282,aves
Pnoepyga_albiventer,92170.90369654,20308.77732945,22.03382685311826,aves
Pnoepyga_immaculata,64523.57786624,10308.40153056,15.976177811977097,aves
Pnoepyga_pusilla,124038.20684977,35146.52183351,28.335238573771086,aves
Podiceps_cristatus,8596.33655726,893.32509969,10.391927930457145,aves
Podiceps_nigricollis,5500,1000,18.181818181818183,aves
Pomatorhinus_ferruginosus,13345.53883087,2956.54923072,22.153839333044463,aves
Pomatorhinus_ruficollis,49440.02324212,13226.14444409,26.751897707082996,aves
Pomatorhinus_schisticeps,67356.43157099,9458.0253725,14.041755407620961,aves
Pomatorhinus_superciliaris,56243.44014286,21820.34027496,38.79624044961633,aves
Porphyrio_porphyrio,93777.2301765,13868.40748225,14.788672533991452,aves
Porzana_porzana,3673.59557082,625.14448694,17.01723760518523,aves
Prinia_atrogularis,5188.98960015,300,5.781472369713899,aves
Prinia_cinereocapilla,11880.95000651,6181.36193659,52.027505655717846,aves
Prinia_crinigera,93991.4916293,20788.93948178,22.117895057747393,aves
Prinia_flaviventris,38283.66391269,7100.675187,18.547532971749654,aves
Prinia_gracilis,12225.33986483,800.59038551,6.548614552738511,aves
Prinia_hodgsonii,77549.62461625,9700.675187,12.50899051414272,aves
Prinia_inornata,40784.30047055,7800.675187,19.12666172276953,aves
Prinia_socialis,83316.82736564,10900.675187,13.083401674864373,aves
Prinia_sylvatica,5758.56930612,2119.99760157,36.81465810122217,aves
Procarduelis_nipalensis,69814.70280421,18550.66294611,26.57128398603073,aves
Prunella_atrogularis,18029.42760692,3500,19.412707248990205,aves
Prunella_collaris,38839.18961512,20384.19198867,52.48356670329313,aves
Prunella_fulvescens,30413.20752287,12038.13431124,39.58192933838897,aves
Prunella_himalayana,39155.40610127,24191.16628811,61.78244257138573,aves
Prunella_immaculata,18535.40618694,10714.43077551,57.80521164440066,aves
Prunella_rubeculoides,39015.92968259,24259.60034771,62.17870635166567,aves
Prunella_strophiata,59839.6696793,18237.20601719,30.4767825673655,aves
Psarisomus_dalhousiae,63653.991210270004,8506.72760915,13.364012919550465,aves
Pseudibis_papillosa,27907.32546892,7600.675187,27.235412420530107,aves
Pseudopodoces_humilis,7165.23133432,7165.23133432,100,aves
Psilopogon_asiaticus,80199.33486726,12761.42515922,15.912133411507421,aves
Psilopogon_cyanotis,6194.28190517,0,0,aves
Psilopogon_franklinii,17739.67926596,4300,24.23944613390563,aves
Psilopogon_haemacephalus,58960.6350161,8100.675187,13.739124730912415,aves
Psilopogon_lineatus,43523.5362289,6933.45124269,15.930349055796919,aves
Psilopogon_virens,111439.09886469,31742.99409801,28.484611255294272,aves
Psilopogon_zeylanicus,22745.24335277,4071.45505302,17.900248372256534,aves
Psittacula_alexandri,107185.53446586,20847.14098053,19.449584390671756,aves
Pterorhinus_albogularis,118306.46244331,36213.08830217,30.60956058890068,aves
Pterorhinus_caerulatus,30788.98960015,5100,16.564362995449365,aves
Pterorhinus_pectoralis,51817.73337251,10552.40532859,20.364467223470243,aves
Pterorhinus_ruficollis,3900,1000,25.641025641025642,aves
Pteruthius_aeralatus,110714.29851745,29283.72012907,26.449808670787455,aves
Pteruthius_melanotis,50794.95582361,12577.57405054,24.761462721252766,aves
Pteruthius_rufiventer,33624.82963532,9699.40479557,28.845959669581816,aves
Pteruthius_xanthochlorus,65312.8123973,23956.81560588,36.68011639148212,aves
Ptyonoprogne_rupestris,102499.0456164,33924.93563231,33.0978063535081,aves
Pucrasia_macrolopha,35599.19116519,2870.40011613,8.063104868901533,aves
Pycnonotus_cafer,88734.4201956,11400.675187,12.848086640865116,aves
Pycnonotus_jocosus,76152.10385045,9200.675187,12.081971110172594,aves
Pycnonotus_leucogenys,107592.59958833,28165.79680237,26.178191539323116,aves
Pyrgilauda_blanfordi,18820.22059568,11292.28343372,60.00080273401277,aves
Pyrgilauda_ruficollis,11133.66076508,7177.40774081,64.46583825619577,aves
Pyrrhocorax_graculus,32443.39875295,23393.97160136,72.10703101577126,aves
Pyrrhocorax_pyrrhocorax,79399.63226451,33224.93563231,41.84520089668081,aves
Pyrrhoplectes_epauletta,43303.08282241,13116.69753579,30.29044742514709,aves
Pyrrhula_erythaca,43.08404304,43.08404304,100,aves
Pyrrhula_erythrocephala,109665.28153408,33655.71334746,30.689487936983067,aves
Pyrrhula_nipalensis,91886.24977665,31208.95168716,33.96476813780115,aves
Rallina_eurizonoides,71465.47935109,8901.35953816,12.455467477423749,aves
Rallus_aquaticus,864.47938318,425.14448694,49.17925114374617,aves
Rallus_indicus,13292.38411866,1424.46013578,10.716363017077775,aves
Regulus_regulus,67944.05699044,22141.42146325,32.58772355375451,aves
Rhipidura_albicollis,142090.21993676,41225.61081931,29.01368640125848,aves
Rhipidura_aureola,46432.97424688,8000.675187,17.230589504047533,aves
Rhodonessa_caryophyllacea,24732.44851845,5600.675187,22.645049408763505,aves
Riparia_chinensis,108920.4033666,26304.07932288,24.14981813310658,aves
Riparia_diluta,19827.47731684,1737.12223749,8.761186356343055,aves
Rostratula_benghalensis,41963.1142503,6900.675187,16.44462121147423,aves
Rubigula_flaviventris,64033.86748356,8554.36462092,13.359125345843337,aves
Rynchops_albicollis,996.9085486,662.24864564,66.43023039274998,aves
Sarcogyps_calvus,122139.64864335,26438.24271059,21.64591351313786,aves
Sarkidiornis_melanotos,2783.2500605,99.31564884,3.5683336632051783,aves
Saroglossa_spilopterus,77385.39222065,9800.675187,12.664761275687802,aves
Sasia_ochracea,16978.90247639,1357.5738004,7.995651086916678,aves
Saxicola_caprata,80502.08111976,9600.675187,11.92599626426729,aves
Saxicola_ferreus,126787.83543638,35658.0373307,28.124178639040334,aves
Saxicola_insignis,53422.36019196,7700.675187,14.414704178792428,aves
Saxicola_jerdoni,1980.1180251,725.14448694,36.62127599203985,aves
Saxicola_leucurus,31884.30047055,7000.675187,21.956496092696746,aves
Saxicola_torquatus,144483.34608695,41225.61081931,28.53312297633282,aves
Schoenicola_striatus,32384.30047055,7200.675187,22.23508021594671,aves
Schoeniparus_castaneceps,31518.5835325,11685.24821447,37.07415405397549,aves
Schoeniparus_cinereus,321.32867599,0,0,aves
Scolopax_rusticola,126017.74492937,32966.73113336,26.160388088072107,aves
Serinus_pusillus,27485.92483084,10495.43858418,38.184775112256055,aves
Sibia_nipalensis,66818.38795827,20299.58333107,30.38023506904667,aves
Sitta_cashmirensis,11300,800,7.079646017699115,aves
Sitta_castanea,4270.54533199,1022.64172477,23.946396660621954,aves
Sitta_cinnamoventris,89051.38070167,14233.68783198,15.983680117958095,aves
Sitta_frontalis,86562.70498567,11200.675187,12.939377516973636,aves
Sitta_himalayensis,122737.76060009,38787.00319072,31.60152425877938,aves
Sitta_leucopsis,26400,6300,23.863636363636363,aves
Siva_cyanouroptera,46479.35857536,25350.96640244,54.54241878432301,aves
Spatula_clypeata,141677.82630001,39163.24335409,27.6424648633159,aves
Spatula_querquedula,13853.58165258,1680.67758543,12.131718912682784,aves
Spelaeornis_caudatus,1716.97125835,100,5.824209317056329,aves
Spilopelia_senegalensis,62181.96369209,8100.675187,13.02737113146278,aves
Spilopelia_suratensis,92723.3930884,13600.675187,14.668008507878353,aves
Spilornis_cheela,62276.18902765,8000.675187,12.847085397996626,aves
Spinus_thibetanus,69609.39893215,11928.31981028,17.13607643977335,aves
Stachyris_humei,8358.68985179,1069.70025164,12.797463126484175,aves
Stachyris_nigriceps,47353.83815886,7564.84855871,15.975153974492777,aves
Sterna_acuticauda,25726.47210364,6900.675187,26.82324711760084,aves
Sterna_aurantia,100101.14356522,17252.19413597,17.23476228293984,aves
Sternula_albifrons,8648.75254945,3494.16876347,40.40084097090053,aves
Streptopelia_decaocto,54104.99258868,8400.675187,15.526617387907406,aves
Streptopelia_orientalis,144374.89218378,41225.61081931,28.554556956366373,aves
Streptopelia_tranquebarica,31103.90211355,4003.3193102,12.870794460403113,aves
Strix_leptogrammica,107133.47382497,32628.86756637,30.456277017281845,aves
Strix_nivicolum,47999.55850847,23353.89224031,48.65438967774875,aves
Sturnia_malabarica,108341.37658477,20639.97065201,19.050866162717234,aves
Sturnia_pagodarum,98004.17096096,20052.02742676,20.46038166553925,aves
Sturnus_vulgaris,576.27712331,0,0,aves
Surniculus_dicruroides,92833.01211661,14268.92726001,15.370531381752887,aves
Surniculus_lugubris,24600,3400,13.821138211382113,aves
Suthora_fulvifrons,36080.12023242,18157.4322946,50.32530983165775,aves
Suthora_nipalensis,53430.89742708,11057.86137189,20.69563100073558,aves
Sylviparus_modestus,33181.03366803,7300,22.000520155686306,aves
Synoicus_chinensis,25307.63703464,5424.01175109,21.432312086923986,aves
Sypheotides_indicus,34119.06141523,7135.2394280300005,20.912765861856293,aves
Taccocua_leschenaultii,46548.67229023,8000.675187,17.187762385822644,aves
Tachybaptus_ruficollis,67509.94535029,8300.675187,12.295484974739866,aves
Tachymarptis_melba,67850.38491594,28566.47077547,42.10214991537788,aves
Tadorna_ferruginea,144483.34608695,41225.61081931,28.53312297633282,aves
Tadorna_tadorna,71099.39492699,21881.68417174,30.77618901568669,aves
Tarsiger_chrysaeus,99362.7764077,25397.29614075,25.560171584317633,aves
Tarsiger_hyperythrus,46854.85460584,12281.81855065,26.212478203099984,aves
Tarsiger_indicus,29515.03964171,15547.38013291,52.67612824391667,aves
Tarsiger_rufilatus,110474.34613178,33973.50444361,30.75239241795059,aves
Tephrodornis_pondicerianus,57783.71382244,8000.675187,13.845899921878992,aves
Tephrodornis_virgatus,60579.78266601,8000.675187,13.20684035977733,aves
Terpsiphone_affinis,11242.27601991,499.31564884,4.4414106890429945,aves
Terpsiphone_paradisi,55867.66933038,8601.35953816,15.39595197232026,aves
Tesia_cyaniventer,99817.73401053,27751.05225806,27.801725347855,aves
Tesia_olivea,22253.25071375,3669.01590048,16.487550280521315,aves
Tetraogallus_himalayensis,53072.82084525,25121.84993405,47.334680037641895,aves
Tetraogallus_tibetanus,22073.72744074,17242.89625395,78.11501840928752,aves
Threskiornis_melanocephalus,50333.61080474,7500.675187,14.901921533302056,aves
Tichodroma_muraria,144483.34608695,41225.61081931,28.53312297633282,aves
Tickellia_hodgsoni,29687.80213622,10364.07641522,34.9102178991402,aves
Timalia_pileata,79756.72156997,11454.92485182,14.362331633416849,aves
Tragopan_satyra,45769.39535111,22768.05177579,49.74514432871535,aves
Treron_apicauda,79286.03272222,16068.25207301,20.266182480469674,aves
Treron_bicinctus,68332.85993899,8301.35953816,12.148415192298035,aves
Treron_curvirostra,32586.2323747,4397.24277455,13.49417362519033,aves
Treron_phayrei,14050.23375794,4868.69983488,34.65209133711832,aves
Treron_phoenicopterus,86334.4201956,11000.675187,12.741934401223494,aves
Treron_sphenurus,79270.90369654,15108.77732945,19.059675902382157,aves
Tringa_glareola,5754.03351355,975.08590288,16.94612832170337,aves
Tringa_nebularia,20059.91610939,3805.82207237,18.97227312226148,aves
Tringa_ochropus,2863.91330237,1822.7883737500001,63.64677213662758,aves
Tringa_stagnatilis,14538.42270775,499.31564884,3.434455434934009,aves
Tringa_totanus,144483.34608695,41225.61081931,28.53312297633282,aves
Trochalopteron_affine,76753.12679055,24441.6476374,31.844497624309565,aves
Trochalopteron_erythrocephalum,115620.01141979,34318.10800493,29.681806448131844,aves
Trochalopteron_lineatum,75043.80786933,15981.68150224,21.296469297064583,aves
Trochalopteron_squamatum,55885.96077443,11304.88165256,20.228482244743695,aves
Trochalopteron_subunicolor,35144.02267562,13609.62459246,38.725289697417665,aves
Trochalopteron_variegatum,80463.66156836,21590.52480142,26.832640201287894,aves
Troglodytes_troglodytes,81487.98569215,26136.50670527,32.074061572720666,aves
Turdus_albocinctus,117817.86826978,36388.84308322,30.88567431885343,aves
Turdus_atrogularis,144483.34608695,41225.61081931,28.53312297633282,aves
Turdus_boulboul,71959.22415734,10641.44350813,14.78815764447698,aves
Turdus_maximus,141115.98929737,41021.45654448,29.06931861423341,aves
Turdus_rubrocanus,54718.41720707,6700,12.244506222914492,aves
Turdus_ruficollis,80748.9425987,32724.93563231,40.526766765162385,aves
Turdus_unicolor,107108.4752101,18807.06927734,17.558899275196246,aves
Turdus_viscivorus,51301.24941113,14771.93370602,28.79449111977217,aves
Turnix_suscitator,56277.14809968,7800.675187,13.86117713922386,aves
Turnix_sylvaticus,92649.62461625,13900.675187,15.003487865791023,aves
Turnix_tanki,78201.111342,10500.675187,13.42778255551508,aves
Tyto_alba,112646.01406911,21544.60813635,19.12593917715727,aves
Tyto_longimembris,16316.36301201,3324.01175109,20.37225911585377,aves
Upupa_epops,144483.34608695,41225.61081931,28.53312297633282,aves
Urocissa_erythroryncha,73697.98983807,19658.80068983,26.67481261432574,aves
Urocissa_flavirostris,82737.85436582,19691.68154369,23.800087269153146,aves
Vanellus_cinereus,52056.94736883,7324.01175109,14.069230182089736,aves
Vanellus_duvaucelii,137738.77035043,36953.24165202,26.828496840798636,aves
Vanellus_gregarius,772.70838437,148.48105103,19.21566454220096,aves
Vanellus_indicus,23627.54983472,3143.92455117,13.306181018186212,aves
Vanellus_leucurus,10934.47791623,2350.92866065,21.500145490810553,aves
Vanellus_malabaricus,24283.94839586,6700.675187,27.593021850360838,aves
Vanellus_vanellus,73731.30230704,8500.675187,11.529262227867013,aves
Yuhina_bakeri,8121.32867599,500,6.156628058635361,aves
Yuhina_flavicollis,84930.9974986,15913.21684939,18.73664188349173,aves
Yuhina_gularis,82328.92440898,15211.14375977,18.4760627798398,aves
Yuhina_nigrimenta,71417.78064921,10600,14.842242231056018,aves
Yuhina_occipitalis,46412.32127418,15394.93950111,33.16994082274975,aves
Zapornia_akool,16318.86471158,2235.23942803,13.697272865090033,aves
Zapornia_bicolor,12916.51482072,4043.47876553,31.30471974563651,aves
Zapornia_fusca,91962.4018538,12700.675187,13.810725830314093,aves
Zapornia_pusilla,144483.34608695,41225.61081931,28.53312297633282,aves
Zoonavena_sylvatica,85334.4201956,10900.675187,12.774066035737897,aves
Zoothera_dauma,144483.34608695,41225.61081931,28.53312297633282,aves
Zoothera_dixoni,68188.17222645,20081.33257632,29.449876599758028,aves
Zoothera_marginata,28084.47179561,1800,6.4092357267739875,aves
Zoothera_mollissima,50455.07138088,19342.15756617,38.33540818951201,aves
Zoothera_monticola,82361.73437703,18307.51848822,22.22818475921485,aves
Zoothera_salimalii,1501.77389483,812.78429468,54.121615609253,aves
Zosterops_palpebrosus,109533.48403364,19532.07810088,17.832061376666605,aves
Alisma plantago-aquatica,144483.34608695,41225.61081931,28.53312297633282,liliopsida
Blyxa aubertii,144483.34608695,41225.61081931,28.53312297633282,liliopsida
Blyxa japonica,144383.34608695,41125.61081931,28.483624970530524,liliopsida
Colocasia esculenta,144483.34608695,41225.61081931,28.53312297633282,liliopsida
Colocasia fallax,144483.34608695,41225.61081931,28.53312297633282,liliopsida
Crinum viviparum,73345.08326232,10900.675187,14.862175761684723,liliopsida
Cyanotis axillaris,144483.34608695,41225.61081931,28.53312297633282,liliopsida
Cyperus tenuispica,52845.08326232,8500.675187,16.086028561641452,liliopsida
Dactylorhiza hatagirea,71179.36341801,31091.4357322,43.68040712813281,liliopsida
Fritillaria cirrhosa,134438.48591012,40569.2305657,30.176798177288983,liliopsida
Hedychium spicatum,134102.00805341,40769.2305657,30.40165554378759,liliopsida
Hydrilla verticillata,144483.34608695,41225.61081931,28.53312297633282,liliopsida
Isachne globosa,19425.36525399,3348.23100889,17.236386369632193,liliopsida
Juncus articulatus,144483.34608695,41225.61081931,28.53312297633282,liliopsida
Juncus bufonius,144483.34608695,41225.61081931,28.53312297633282,liliopsida
Juncus prismatocarpus,144483.34608695,41225.61081931,28.53312297633282,liliopsida
Juncus wallichianus,144483.34608695,41225.61081931,28.53312297633282,liliopsida
Lasia spinosa,144483.34608695,41225.61081931,28.53312297633282,liliopsida
Monochoria korsakowii,144483.34608695,41225.61081931,28.53312297633282,liliopsida
Monochoria vaginalis,144483.34608695,41225.61081931,28.53312297633282,liliopsida
Najas graminea,144483.34608695,41225.61081931,28.53312297633282,liliopsida
Najas indica,144483.34608695,41225.61081931,28.53312297633282,liliopsida
Najas minor,144483.34608695,41225.61081931,28.53312297633282,liliopsida
Nechamandra alternifolia,144483.34608695,41225.61081931,28.53312297633282,liliopsida
Oryza meyeriana,144483.34608695,41225.61081931,28.53312297633282,liliopsida
Oryza nivara,144483.34608695,41225.61081931,28.53312297633282,liliopsida
Oryza officinalis,144483.34608695,41225.61081931,28.53312297633282,liliopsida
Ottelia alismoides,144483.34608695,41225.61081931,28.53312297633282,liliopsida
Paris polyphylla,124082.56696253,37808.65368209,30.47056053692645,liliopsida
Potamogeton natans,144483.34608695,41225.61081931,28.53312297633282,liliopsida
Potamogeton nodosus,144483.34608695,41225.61081931,28.53312297633282,liliopsida
Potamogeton octandrus,142473.12629006,39915.39102242,28.016084199034523,liliopsida
Potamogeton pusillus,144483.34608695,41225.61081931,28.53312297633282,liliopsida
Sagittaria trifolia,144483.34608695,41225.61081931,28.53312297633282,liliopsida
Schoenoplectus tabernaemontani,35061.28470698,19924.93563231,56.82888062667979,liliopsida
Spirodela polyrhiza,144483.34608695,41225.61081931,28.53312297633282,liliopsida
Stuckenia pectinata,144430.17207155,41172.43680391,28.506811432387806,liliopsida
Trillium govanianum,91534.17964547,33724.93563231,36.84409011249498,liliopsida
Typha angustifolia,144483.34608695,41225.61081931,28.53312297633282,liliopsida
Typha domingensis,144430.17207155,41172.43680391,28.506811432387806,liliopsida
Typha elephantina,132808.14720317,39952.79941888,30.083093741049016,liliopsida
Typha orientalis,144483.34608695,41225.61081931,28.53312297633282,liliopsida
Vallisneria natans,144483.34608695,41225.61081931,28.53312297633282,liliopsida
Wolffia globosa,144483.34608695,41225.61081931,28.53312297633282,liliopsida
Aeschynomene aspera,144483.34608695,41225.61081931,28.53312297633282,magnoliopsida
Aeschynomene indica,144483.34608695,41225.61081931,28.53312297633282,magnoliopsida
Alternanthera sessilis,144483.34608695,41225.61081931,28.53312297633282,magnoliopsida
Arnebia benthamii,53471.6912257,20156.68100005,37.695985554244324,magnoliopsida
Bacopa monnieri,144483.34608695,41225.61081931,28.53312297633282,magnoliopsida
Bonnaya antipoda,144483.34608695,41225.61081931,28.53312297633282,magnoliopsida
Caesulia axillaris,144483.34608695,41225.61081931,28.53312297633282,magnoliopsida
Centella asiatica,144483.34608695,41225.61081931,28.53312297633282,magnoliopsida
Dopatrium junceum,1560.13961554,0,0,magnoliopsida
Drosera peltata,144483.34608695,41225.61081931,28.53312297633282,magnoliopsida
Eclipta angustata,144483.34608695,41225.61081931,28.53312297633282,magnoliopsida
Grangea maderaspatana,144483.34608695,41225.61081931,28.53312297633282,magnoliopsida
Hemisteptia lyrata,144483.34608695,41225.61081931,28.53312297633282,magnoliopsida
Hydrobryum griffithii,144483.34608695,41225.61081931,28.53312297633282,magnoliopsida
Hydrolea zeylanica,144483.34608695,41225.61081931,28.53312297633282,magnoliopsida
Hygrophila polysperma,144483.34608695,41225.61081931,28.53312297633282,magnoliopsida
Limnophila indica,142250.27778673,40252.79941888,28.297167531180058,magnoliopsida
Limnophila micrantha,144483.34608695,41225.61081931,28.53312297633282,magnoliopsida
Limnophila rugosa,144483.34608695,41225.61081931,28.53312297633282,magnoliopsida
Limnophila sessiliflora,144483.34608695,41225.61081931,28.53312297633282,magnoliopsida
Lindernia procumbens,144483.34608695,41225.61081931,28.53312297633282,magnoliopsida
Medicago sativa,144483.34608695,41225.61081931,28.53312297633282,magnoliopsida
Meizotropis pellita,4094.07493802,400,9.770216863530356,magnoliopsida
Nardostachys jatamansi,135925.1046444,40282.96100481,29.63614492716127,magnoliopsida
Nymphaea nouchali,144483.34608695,41225.61081931,28.53312297633282,magnoliopsida
Nymphaea pubescens,144483.34608695,41225.61081931,28.53312297633282,magnoliopsida
Oenanthe javanica,144483.34608695,41225.61081931,28.53312297633282,magnoliopsida
Osyris lanceolata,25403.4854852,8959.13976732,35.267364285659035,magnoliopsida
Pistacia khinjuk,144153.77316198,41030.28717052,28.46286036815412,magnoliopsida
Podophyllum hexandrum,143982.55026888,41225.61081931,28.632366034858595,magnoliopsida
Rheum australe,80322.71107085,33024.93563231,41.11531494894365,magnoliopsida
Sesbania bispinosa,144483.34608695,41225.61081931,28.53312297633282,magnoliopsida
Trapa natans,18918.87798257,4157.03128186,21.97292717723472,magnoliopsida
Vandellia micrantha,144483.34608695,41225.61081931,28.53312297633282,magnoliopsida
Ailurus fulgens,44757.2954281,14339.91365503,32.03927654222593,mammal
Alticola stoliczkanus,41148.19900869,23299.2864353,56.62285834279035,mammal
Antilope cervicapra,97.3558768,97.3558768,100,mammal
Aonyx cinereus,90816.19712287,13613.45948168,14.990122811750899,mammal
Apodemus gurkha,16991.02675659,9200,54.14622748699848,mammal
Apodemus pallipes,61698.52915839,16060.14565976,26.03003001664924,mammal
Arctictis binturong,6101.77389483,2012.78429468,32.9868711848766,mammal
Arielulus circumdatus,17999.41418275,3432.72809068,19.071332299080073,mammal
Axis axis,52932.97424688,8000.675187,15.114728202660139,mammal
Axis porcinus,39484.30047055,7900.675187,20.00966230335737,mammal
Bandicota bengalensis,126960.88990358,31456.70481647,24.77668897907039,mammal
Bandicota indica,136654.02967532,38665.79813317,28.294663702956374,mammal
Barbastella darjelingensis,143162.16107166,41165.90209134,28.754736435373005,mammal
Barbastella leucomelas,143162.16107166,41165.90209134,28.754736435373005,mammal
Belomys pearsonii,3184.02467966,300,9.422037521142421,mammal
Bos gaurus,21448.71124093,3780.67758543,17.626595570065927,mammal
Boselaphus tragocamelus,31423.51612102,4469.82893125,14.224470979108593,mammal
Bubalus arnee,499.31564884,499.31564884,100,mammal
Callosciurus pygerythrus,22346.54633237,1681.13050893,7.522999231853582,mammal
Canis aureus,94276.18902765,14600.675187,15.487129186689769,mammal
Canis lupus,144483.34608695,41225.61081931,28.53312297633282,mammal
Canis lupus ssp. chanco,60979.93325876,31024.93563231,50.877286960384055,mammal
Cannomys badius,26329.64283047,3070.70200297,11.662528135081377,mammal
Capricornis sumatraensis,99579.43473182,30282.57224388,30.410468110644324,mammal
Caprolagus hispidus,57912.42458449,8000.675187,13.815127314049162,mammal
Cassistrellus dimissus,4417.96884701,2526.2736352800002,57.181789251178984,mammal
Catopuma temminckii,144483.34608695,41225.61081931,28.53312297633282,mammal
Chimarrogale himalayica,3402.18582491,612.78429468,18.01148809078382,mammal
Crocidura attenuata,107962.686018,34080.1305602,31.566582693689206,mammal
Crocidura horsfieldii,5400,1300,24.074074074074073,mammal
Cuon alpinus,124849.93973045,32292.20446281,25.864813817714776,mammal
Cynopterus sphinx,143929.42463943,40671.68937179,28.25807820303607,mammal
Dacnomys millardi,5084.25559785,1795.46270135,35.31417071378659,mammal
Diomys crumpi,200,0,0,mammal
Dremomys lokriah,29236.48608759,8647.49648744,29.57775589560538,mammal
Elephas maximus,21380.1727526,7116.55602496,33.285774195133996,mammal
Episoriculus caudatus,45860.93369298,23626.9438851,51.51867173763323,mammal
Episoriculus leucops,57934.60142723,29363.19388621,50.68334494903235,mammal
Episoriculus macrurus,24096.40636164,1700,7.054993904428403,mammal
Equus kiang,9356.22958934,2925.07395731,31.263383710064964,mammal
Euroscaptor micrura,5988.98960015,900,15.027576604532067,mammal
Felis chaus,137723.77026,37274.11217027,27.06440006681676,mammal
Felis lybica,33184.58067284,8584.58067284,25.8691853227667,mammal
Funambulus pennantii,70987.12941348,11268.54245895,15.874064146634131,mammal
Golunda ellioti,44379.78266601,7800.675187,17.577091906253187,mammal
Hemitragus jemlahicus,59281.5085403,25054.30136182,42.26326552534996,mammal
Hesperoptenus tickelli,4686.91209724,1000,21.33600927973183,mammal
Hipposideros armiger,133223.49649572,39985.9890401,30.01421677998416,mammal
Hipposideros gentilis,74113.89355317,20842.27217549,28.121950117945918,mammal
Hyaena hyaena,65881.61604629,11371.75965429,17.260899681483114,mammal
Hylopetes alboniger,3088.98960015,300,9.711913565051566,mammal
Hypsugo affinis,18200.00166662,3676.10822353,20.198394982964338,mammal
Hystrix brachyura,23084.96398057,7012.12462903,30.375289452181594,mammal
Hystrix indica,6574.89514413,925.14448694,14.070862981989297,mammal
Ia io,3800,1100,28.94736842105263,mammal
Kerivoula furva,367.66092416000004,100,27.19897422563232,mammal
Kerivoula picta,555.08979746,212.78429468000002,38.33331033170959,mammal
Lepus nigricollis,34807.87424726,7100.675187,20.399623190315765,mammal
Lepus oiostolus,40165.76059416,25009.43125928,62.26554878912541,mammal
Lutra lutra,105892.34281074,26314.0894832,24.849851070186283,mammal
Lutrogale perspicillata,45622.53160074,7400.675187,16.22153556003008,mammal
Lynx lynx,29003.07119313,19645.24185978,67.73503995133245,mammal
Lyroderma lyra,114146.73476184,28395.62468752,24.87642309415656,mammal
Macaca assamensis,103178.0883894,34467.01873055,33.405366651560264,mammal
Macaca assamensis ssp. assamensis,43.08404304,43.08404304,100,mammal
Macaca assamensis ssp. pelops,103178.0883894,34467.01873055,33.405366651560264,mammal
Macaca mulatta,113298.72792494,28768.92981926,25.392103111977846,mammal
Manis crassicaudata,24493.64387785,6901.35953816,28.17612427361619,mammal
Manis pentadactyla,102561.28834391,23789.0623202,23.194972200846554,mammal
Marmota himalayana,89010.28116643,33524.93563231,37.66411609196652,mammal
Martes flavigula,125175.17558971,34657.99259217,27.687592550913948,mammal
Martes foina,75010.05601625,32624.93563231,43.49408248041064,mammal
Mellivora capensis,36104.94371023,7001.35953816,19.391692158146835,mammal
Melogale personata,18199.57067055,499.31564884,2.7435572952716822,mammal
Melursus ursinus,24736.51218675,7506.50642353,30.345856226048014,mammal
Millardia meltada,26527.82691233,6076.21505122,22.905061433418076,mammal
Miniopterus pusillus,6400,1300,20.3125,mammal
Moschiola indica,29721.76327684,7401.35953816,24.902154926748036,mammal
Moschus chrysogaster,8532.60037705,6148.55392201,72.05955570763244,mammal
Moschus fuscus,2860.31227862,2276.26582358,79.581024792097807,mammal
Moschus leucogaster,94398.04282368,32715.58835673,34.65706213616879,mammal
Muntiacus vaginalis,109132.33185842,19638.83640394,17.995433680843487,mammal
Murina aurata,16739.62343949,6839.62343949,40.85888469483027,mammal
Murina cyclotis,6470.27702606,1981.48412956,30.62440945850199,mammal
Murina huttoni,137443.0549112,37135.3438917,27.018712524756253,mammal
Mus booduga,76909.49788125,9300.675187,12.093012492891908,mammal
Mus cervicolor,65454.52760654,7900,12.069447735515638,mammal
Mus cookii,56631.52365342,8943.63055043,15.792671596060599,mammal
Mus musculus,144483.34608695,41225.61081931,28.53312297633282,mammal
Mus saxicola,47597.48557452,8626.45936071,18.123771154264368,mammal
Mus terricolor,76412.67958953,9300.675187,12.171638577472908,mammal
Mustela altaica,73452.53623706,32324.93563231,44.00792305930025,mammal
Mustela kathiah,86782.9651749,19035.70157378,21.93483656085727,mammal
Mustela sibirica,135162.58618679,40248.86060666,29.778107790152426,mammal
Myotis blythii,9800,700,7.142857142857143,mammal
Myotis csorbai,38196.38015149,11796.38015149,30.88350284687864,mammal
Myotis formosus,141293.52422101,40101.4434814,28.38165705221826,mammal
Myotis longipes,6700,1300,19.402985074626866,mammal
Myotis muricola,142753.87319389,40526.03674132,28.38874759375324,mammal
Myotis nipalensis,111181.01521706,36601.59906822,32.92072751518077,mammal
Myotis sicarius,45374.06860144,9191.51674393,20.257202025824718,mammal
Myotis siligorensis,50345.44841982,11603.8776988,23.048513943182567,mammal
Naemorhedus goral,113268.32030241,33032.5020557,29.1630545659263,mammal
Nectogale elegans,2712.76211573,2320.80518241,85.5513710160124,mammal
Neodon sikimensis,44968.34817551,18550.96640244,41.25338633751051,mammal
Neofelis nebulosa,65121.23074736,20048.93221769,30.78709045821094,mammal
Niviventer eha,48540.30688721,22222.92511414,45.782415767947214,mammal
Niviventer fulvescens,129879.92260574,38655.78188806,29.762707824674685,mammal
Niviventer niviventer,84626.77636586,20508.99571665,24.234641324378398,mammal
Nyctalus montanus,33100,7600,22.9607250755287,mammal
Ochotona curzoniae,26184.57237818,15728.2430433,60.066831782239014,mammal
Ochotona macrotis,65814.57382079,31124.93563231,47.29185927278317,mammal
Ochotona roylii,64647.16870387,30712.15133763,47.50734170325926,mammal
Otocolobus manul,56181.26496719,28824.93563231,51.307024947095506,mammal
Ovis ammon,9204.60152699,6736.36810788,73.18478793598426,mammal
Paguma larvata,91103.56342094,33224.93563231,36.46941391172116,mammal
Panthera pardus,136853.721129,39023.92302332,28.51506170339027,mammal
Panthera tigris,98025.57355536,17932.07810088,18.293265165903723,mammal
Panthera uncia,50981.26496719,27824.93563231,54.57874701660951,mammal
Paradoxurus hermaphroditus,138673.68994601,38780.49647584,27.96528778525938,mammal
Pardofelis marmorata,35030.28145033,4041.29185018,11.536566886881033,mammal
Petaurista elegans,25001.57719118,2912.78429468,11.650402182257388,mammal
Petaurista magnificus,31830.78194303,11404.42692655,35.82829648031073,mammal
Petaurista nobilis,7923.98122261,1500,18.929878275329003,mammal
Petaurista petaurista,8588.98960015,400,4.657125210548798,mammal
Phaiomys leucurus,24408.95414918,17110.14081946,70.09780392428162,mammal
Pipistrellus coromandra,137939.13608471,35886.57365894,26.016237797010447,mammal
Pipistrellus javanicus,142208.47366063,41179.37344624,28.957046219701034,mammal
Platanista gangetica,29322.38199634,4611.34964938,15.726381471858549,mammal
Plecotus homochrous,128421.91781684,35570.20439398,27.697923375285143,mammal
Plecotus wardi,90904.85693322,26629.84566696,29.29419457369881,mammal
Prionailurus bengalensis,143970.79245357,40713.05718593,28.278692151437454,mammal
Prionailurus rubiginosus,15905.77387933,4219.99760157,26.531230945348756,mammal
Prionailurus viverrinus,16748.65305036,4300.675187,25.67773763101242,mammal
Prionodon pardicolor,55001.98996438,17549.61656885,31.90723932027797,mammal
Pseudois nayaur,45140.50339492,20531.71755653,45.484024351488706,mammal
Pteropus medius,128044.16760422,33098.41595358,25.84921794789282,mammal
Rattus andamanensis,59403.71481146,16647.22597948,28.02388037905748,mammal
Rattus nitidus,44247.12361859,13429.93854917,30.352116591659176,mammal
Rattus pyctoris,116830.406389,36121.30478245,30.917725871961835,mammal
Rattus tanezumi,144328.2995606,41070.56429296,28.45634876735692,mammal
Ratufa bicolor,17265.41582344,800,4.6335402991794625,mammal
Rhinoceros unicornis,144349.09681077,41225.61081931,28.559659693162782,mammal
Rhinolophus affinis,122299.20318419,30106.77049484,24.617307154076368,mammal
Rhinolophus ferrumequinum,144307.42400734,41225.61081931,28.567907093409907,mammal
Rhinolophus lepidus,92172.48123589,12971.07530313,14.072611618140252,mammal
Rhinolophus luctus,51427.84040047,11614.35608113,22.58379117359137,mammal
Rhinolophus macrotis,95245.80263213,30473.04694001,31.99411007927219,mammal
Rhinolophus pearsonii,26390.3047786,11117.26872341,42.12633698882112,mammal
Rhinolophus pusillus,124937.70184996,31991.95019932,25.606321971361155,mammal
Rhinolophus sinicus,33055.78150788,11431.43647495,34.582260510842616,mammal
Rhinolophus subbadius,16696.36915014,3096.36915014,18.545164654041184,mammal
Rhinopoma hardwickii,13207.70215606,2819.31325041,21.345978407882505,mammal
Rousettus leschenaultii,115251.4637017,22950.05776894,19.91302932892945,mammal
Rucervus duvaucelii,7289.77482881,1819.99760157,24.966444702477876,mammal
Rusa unicolor,116040.03344441,25038.62751165,21.57757695204817,mammal
Scotomanes ornatus,11378.20011812,2112.78429468,18.568703949189214,mammal
Scotophilus heathii,111070.33319277,21668.92726001,19.509194433046424,mammal
Scotophilus kuhlii,13551.61457338,499.31564884,3.684547299779515,mammal
Scotozous dormeri,21961.00987739,3729.15863646,16.98081580619552,mammal
Semnopithecus hector,79826.48753643,12004.00366136,15.03761975732904,mammal
Semnopithecus schistaceus,94545.55848383,33501.59906822,35.43434467516497,mammal
Sorex bedfordiae,2766.0109061,1673.92138438,60.517526546566785,mammal
Sorex excelsus,1781.59554831,1481.59554831,83.16116133739914,mammal
Soriculus nigrescens,2929.35543634,2516.4181288,85.90347547391065,mammal
Sphaerias blanfordi,22348.42942623,5652.9522851,25.294628885487672,mammal
Suncus etruscus,74665.04682535,21661.7417461,29.011890659854895,mammal
Suncus murinus,86102.08111976,10700.675187,12.427893783561812,mammal
Suncus stoliczkanus,68519.13946489,21399.32165924,31.231159390443388,mammal
Sus scrofa,122981.43969512,33051.64158944,26.87530872250108,mammal
Tadarida teniotis,21211.11337591,5603.08569826,26.415801938164954,mammal
Tamiops mcclellandii,780.44521884,512.78429468,65.70407279093429,mammal
Taphozous longimanus,27938.42000487,1796.95953565,6.431858119882114,mammal
Tatera indica,72060.83171975,8400.675187,11.657754964126504,mammal
Tetracerus quadricornis,27397.40563026,4504.97938667,16.443087522470822,mammal
Urocricetus alticola,9629.84559736,2561.7417461,26.602106131403556,mammal
Ursus arctos,5975.44143276,5267.95916559,88.16016732602766,mammal
Ursus thibetanus,112734.03723886,33724.93563231,29.915486447854143,mammal
Urva auropunctata,85382.64320468,19908.16282391,23.31640492340578,mammal
Urva edwardsii,53673.2900707,7600.675187,14.161001080776252,mammal
Urva urva,26204.64799653,4837.78256326,18.461543783761627,mammal
Vandeleuria oleracea,76323.3930884,9000.675187,11.792813215962706,mammal
Viverra zibetha,96323.3930884,15600.675187,16.196143726667323,mammal
Viverricula indica,113272.48123589,22071.07530313,19.48494026291079,mammal
Vulpes bengalensis,75722.11967066,10100.675187,13.339134233076287,mammal
Vulpes ferrilata,66673.8482057,31724.93563231,47.58227773869188,mammal
Vulpes vulpes,144483.34608695,41225.61081931,28.53312297633282,mammal
Ablepharus himalayanus,55437.10280666,15787.86487352,28.478877997252244,reptile
Ablepharus ladacensis,20080.447133229998,10352.50997127,51.55517654852523,reptile
Ablepharus mahabharatus,200,0,0,reptile
Ablepharus nepalensis,100,0,0,reptile
Ablepharus sikimmensis,111167.62695127,24382.17456347,21.932801150966238,reptile
Ahaetulla nasuta,59081.96369209,8000.675187,13.54165414794963,reptile
Amphiesma stolatum,143388.53776185,41160.04784887,28.705256704152724,reptile
Anguiculus rappii,35541.29185018,7241.29185018,20.37430682234283,reptile
Argyrophis diardii,44884.30047055,7400.675187,16.488338036716904,reptile
Atretium schistosum,49984.45850859,8000.675187,16.00632561744178,reptile
Batagur dhongoka,23936.69421509,3726.51451326,15.568208708246592,reptile
Boiga cyanea,39150.20694146,4456.88944924,11.38407634959437,reptile
Boiga multifasciata,73985.689668,27131.47377919,36.67124534614536,reptile
Boiga ochracea,7842.17141412,499.31564884,6.367058592228312,reptile
Boiga siamensis,34776.6700431,3412.66210171,9.813078990830816,reptile
Boiga trigonata,102046.48543321,17601.88567278,17.248889658527766,reptile
Boiga westermanni,69868.77226616,8100.675187,11.594128427133468,reptile
Bungarus bungaroides,1236.76551729,412.78429468,33.37611607934322,reptile
Bungarus caeruleus,116909.93421646,28980.13611078,24.788429062942562,reptile
Bungarus lividus,20251.08480946,2311.97775055,11.416562481976241,reptile
Bungarus niger,47536.90852454,21286.21789787,44.7782966090052,reptile
Calotes versicolor,95722.37440515,20120.96847239,21.020130975049717,reptile
Chrysopelea ornata,11138.42270775,499.31564884,4.4828218675215235,reptile
Coelognathus helena,119481.41119632,28504.93205193,23.857210729703827,reptile
Coelognathus radiatus,79103.41282819,8800.675187,11.125531595096632,reptile
Crocodylus palustris,107660.06939261,19726.32438401,18.32278624312688,reptile
Cyclemys gemeli,36534.02273482,7700.675187,21.078092721666284,reptile
Cyrtodactylus markuscombaii,599.58806992,0,0,reptile
Cyrtodactylus martinstolli,200,0,0,reptile
Cyrtodactylus nepalensis,100,0,0,reptile
Daboia russelii,9073.23338388,1626.45936071,17.925906806273233,reptile
Dendrelaphis tristis,10569.13757752,2681.36193659,25.36973255313769,reptile
Dopasia gracilis,5097.09805225,212.78429468000002,4.174616468013032,reptile
Elaphe cantoris,36690.74561882,9037.58067263,24.63177163669931,reptile
Elaphe hodgsonii,44329.65260288,15011.03508752,33.862289023543504,reptile
Enhydris enhydris,231.7496529,0,0,reptile
Eryx conicus,80627.83776549,10600.675187,13.147661503502777,reptile
Eryx johnii,44345.58877837,8901.35953816,20.072705726486433,reptile
Eublepharis macularius,21483.98178059,4219.99760157,19.642530163484945,reptile
Eutropis carinata,5053.09909791,700.41211361,13.86104052263087,reptile
Eutropis dissimilis,108601.64516494,24494.8808085,22.554797186818043,reptile
Eutropis macularia,45233.61080474,7500.675187,16.58208366203215,reptile
Ferania sieboldii,11199.95021473,1300,11.607194452438371,reptile
Fowlea piscator,82449.62461625,9600.675187,11.644292174385235,reptile
Fowlea sanctijohannis,139678.18921837,39206.68729553,28.06929808793202,reptile
Fowlea schnurrenbergeri,33007.73689209,3780.67758543,11.45391335913128,reptile
Gavialis gangeticus,4114.11009639,3163.55294951,76.89519423133369,reptile
Gekko gecko,13783.50422183,499.31564884,3.6225595523756233,reptile
Geoclemys hamiltonii,30853.26815186,5375.53070006,17.422889120211188,reptile
Gloydius himalayanus,141369.43565964,41225.61081931,29.161615187150122,reptile
Hardella thurjii,16120.47684718,3600.675187,22.336033984192444,reptile
Hebius parallelus,7796.20965799,400,5.130698346343947,reptile
Hemidactylus aquilonius,8631.81705821,1378.86287889,15.974190249763451,reptile
Hemidactylus brookii,144483.34608695,41225.61081931,28.53312297633282,reptile
Hemidactylus flaviviridis,33956.94736883,6024.01175109,17.74014514808714,reptile
Hemidactylus garnotii,9690.83531296,2308.01633473,23.816484959179768,reptile
Hemidactylus platyurus,25993.68147425,3069.70025164,11.809409354657681,reptile
Herpetoreas platyceps,103582.9145081,29615.481976260002,28.59108774540624,reptile
Indotestudo elongata,53477.56002976,8000.675187,14.960808201697429,reptile
Indotyphlops braminus,112181.25574533,23579.84981257,21.01942045122062,reptile
Indotyphlops jerdoni,2731.3979841,0,0,reptile
Japalura dasi,200,0,0,reptile
Japalura kumaonensis,640.09067364,0,0,reptile
Japalura major,37596.77425392,16044.31775041,42.67471895873395,reptile
Japalura tricarinata,72053.77203429,21785.78886314,30.235459224497312,reptile
Japalura variegata,13766.81028584,2384.17064881,17.318250192364925,reptile
Laudakia tuberculata,58813.40921107,20056.68100005,34.10222476318357,reptile
Lissemys punctata,37278.9943058,7800.675187,20.925122397377397,reptile
Lycodon aulicus,109793.52819078,22508.07580298,20.500366618940784,reptile
Lycodon fasciatus,47391.44977744,11179.30666334,23.58929029569748,reptile
Lycodon jara,66179.97936966,8400.675187,12.69368057683509,reptile
Melanochelys tricarinata,43178.9943058,8000.675187,18.529091090769832,reptile
Melanochelys trijuga,39478.9943058,7800.675187,19.759052438308885,reptile
Morenia petersi,32684.30047055,6900.675187,21.113118799093815,reptile
Naja naja,106572.45889887,24005.39527959,22.524952063243173,reptile
Nilssonia gangetica,38234.02273482,7800.675187,20.402444286606205,reptile
Nilssonia hurum,35678.9943058,7600.675187,21.302941226021133,reptile
Oligodon albocinctus,57364.25610614,15307.76727416,26.685201401089085,reptile
Oligodon arnensis,112110.3556079,24724.9032201,22.054076169889278,reptile
Oligodon cyclurus,1397.09805225,412.78429468,29.5458356709623,reptile
Oligodon erythrogaster,33685.99190635,14453.71831501,42.9072071120619,reptile
Oligodon kheriensis,33361.00926771,7535.9237791900005,22.589016173692304,reptile
Ophiophagus hannah,42278.9943058,8000.675187,18.923522941751802,reptile
Oreocryptophis porphyraceus,33816.11926976,8837.58067263,26.13422493021838,reptile
Ovophis monticola,142394.50371116,41077.12976828,28.847412433560542,reptile
Pangshura smithii,18314.77619214,4735.2394280300005,25.854749074477816,reptile
Pangshura tecta,34078.9943058,7600.675187,22.30310882650202,reptile
Pangshura tentoria,27499.00036619,6700.675187,24.366977336523384,reptile
Phrynocephalus theobaldi,10429.88288865,7569.71894222,72.57721896817763,reptile
Protobothrops himalayanus,11515.48292999,8831.43647495,76.69184634845071,reptile
Protobothrops jerdonii,6162.82167688,499.31564884,8.102062253613418,reptile
Psammodynastes pulverulentus,42449.98920196,4180.67758543,9.84847738250301,reptile
Psammophis condanarus,59248.5074773,9801.35953816,16.542795684625837,reptile
Pseudoxenodon macrops,70732.1013451,24375.61251312,34.461880885161385,reptile
Ptyas korros,2501.77389483,1012.78429468,40.482647003910024,reptile
Ptyas mucosa,140512.56793344,39776.95565653,28.30846823280044,reptile
Ptyas nigromarginata,1178.20011812,412.78429468,35.0351598452274,reptile
Python bivittatus,25553.34656895,4858.85442686,19.014552218236723,reptile
Python molurus,4894.29975226,604.29503551,12.346915107333992,reptile
Rhabdophis himalayanus,123821.51939342,34949.80065142,28.225950402347646,reptile
Rhabdophis subminiatus,14910.3441988,3743.47876553,25.106588524168874,reptile
Riopa albopunctata,42008.78457266,7366.56786328,17.535779571385845,reptile
Riopa punctata,4911.0075861000005,1116.96622794,22.744135665793607,reptile
Scincella capitanea,100,100,100,reptile
Scincella reevesii,200,100,50,reptile
Sibynophis collaris,141741.55797893,38788.91819077,27.36594598214872,reptile
Sibynophis sagittarius,38333.61080474,6200.675187,16.17555731596586,reptile
Sinomicrurus macclellandi,102964.44327976,32224.96331268,31.297176273874484,reptile
Sitana fusca,200,0,0,reptile
Sitana schleichi,165.43575897,165.43575897,100,reptile
Sitana sivalensis,15076.44748677,3819.99760157,25.3375180387963,reptile
Spalerosophis atriceps,27863.60437184,6088.69743645,21.851794029215636,reptile
Sphenomorphus indicus,16620.03388499,4037.21490676,24.291255569617803,reptile
Sphenomorphus maculatus,74136.69966429,13931.04982028,18.79103046583321,reptile
Trachischium fuscum,60015.64993291,26908.93122656,44.836523901083844,reptile
Trachischium guentheri,94.9777146,94.9777146,100,reptile
Trachischium laeve,8443.53729494,2300,27.239768353700907,reptile
Trachischium tenuiceps,37565.67423347,19420.88959029,51.69849866021175,reptile
Trimeresurus septentrionalis,91236.75635947,22688.90370849,24.868161269452,reptile
Trimeresurus tibetanus,5104.9436439,3104.9436439,60.822290322639695,reptile
Varanus bengalensis,88421.54389398,15969.40035978,18.06053101597929,reptile
Varanus flavescens,83032.57781283,14817.77038971,17.845730892652583,reptile
Xenochrophis cerasogaster,14008.07536607,883.43481088,6.3066109211536165,reptile
